Invoice ID,City,Customer type,Gender,Product line,Quantity,Sales,Date,Payment
750-67-8428,Yangon,Member,Female,Health and beauty,7,548.9715,1/5/2019,Ewallet
226-31-3081,Naypyitaw,Normal,Female,Electronic accessories,5,80.22,3/8/2019,Cash
631-41-3108,Yangon,Normal,Female,Home and lifestyle,7,340.5255,3/3/2019,Credit card
123-19-1176,Yangon,Member,Female,Health and beauty,8,489.048,1/27/2019,Ewallet
373-73-7910,Yangon,Member,Female,Sports and travel,7,634.3785,2/8/2019,Ewallet
699-14-3026,Naypyitaw,Member,Female,Electronic accessories,7,627.6165,3/25/2019,Ewallet
355-53-5943,Yangon,Member,Female,Electronic accessories,6,433.692,2/25/2019,Ewallet
315-22-5665,Naypyitaw,Member,Female,Home and lifestyle,10,772.38,2/24/2019,Ewallet
665-32-9167,Yangon,Member,Female,Health and beauty,2,76.146,1/10/2019,Credit card
692-92-5582,Mandalay,Member,Female,Food and beverages,3,172.746,2/20/2019,Credit card
351-62-0822,Mandalay,Member,Female,Fashion accessories,4,60.816,2/6/2019,Ewallet
529-56-3974,Mandalay,Member,Female,Electronic accessories,4,107.142,3/9/2019,Cash
365-64-0515,Yangon,Member,Female,Electronic accessories,5,246.4875,2/12/2019,Ewallet
252-56-2699,Yangon,Member,Female,Food and beverages,10,453.495,2/7/2019,Ewallet
829-34-3910,Yangon,Member,Female,Health and beauty,10,749.49,3/29/2019,Cash
299-46-1805,Mandalay,Member,Female,Sports and travel,6,590.436,1/15/2019,Cash
656-95-9349,Yangon,Member,Female,Health and beauty,7,506.6355,3/11/2019,Credit card
765-26-6951,Yangon,Member,Female,Sports and travel,6,457.443,1/1/2019,Credit card
329-62-1586,Yangon,Member,Female,Food and beverages,3,172.2105,1/21/2019,Credit card
319-50-3348,Mandalay,Member,Female,Home and lifestyle,2,84.63,3/11/2019,Ewallet
300-71-4605,Naypyitaw,Member,Female,Electronic accessories,5,451.71,2/25/2019,Ewallet
371-85-5789,Mandalay,Member,Female,Health and beauty,3,277.137,3/5/2019,Ewallet
273-16-6619,Mandalay,Member,Female,Home and lifestyle,2,69.72,3/15/2019,Credit card
636-48-8204,Yangon,Member,Female,Electronic accessories,5,181.44,2/17/2019,Ewallet
549-59-1358,Yangon,Member,Female,Sports and travel,3,279.1845,3/2/2019,Ewallet
227-03-5010,Yangon,Member,Female,Home and lifestyle,8,441.756,3/22/2019,Credit card
649-29-6775,Mandalay,Member,Female,Fashion accessories,1,35.196,2/8/2019,Cash
189-17-4241,Yangon,Member,Female,Fashion accessories,2,184.107,3/10/2019,Credit card
145-94-9061,Mandalay,Member,Female,Food and beverages,5,463.89,1/25/2019,Cash
848-62-7243,Yangon,Member,Female,Health and beauty,9,235.2105,3/15/2019,Cash
871-79-8483,Mandalay,Member,Female,Fashion accessories,5,494.1825,2/25/2019,Credit card
149-71-6266,Mandalay,Member,Female,Sports and travel,9,737.7615,1/28/2019,Cash
640-49-2076,Mandalay,Member,Female,Sports and travel,8,703.752,1/10/2019,Cash
595-11-5460,Yangon,Member,Female,Health and beauty,2,202.818,3/15/2019,Credit card
183-56-6882,Naypyitaw,Member,Female,Food and beverages,4,417.564,2/6/2019,Ewallet
232-16-2483,Naypyitaw,Member,Female,Sports and travel,1,71.526,1/7/2019,Ewallet
129-29-8530,Yangon,Member,Female,Sports and travel,5,328.755,3/10/2019,Ewallet
272-65-1806,Yangon,Member,Female,Electronic accessories,9,575.316,1/15/2019,Ewallet
333-73-7901,Naypyitaw,Member,Female,Health and beauty,8,461.328,3/23/2019,Ewallet
777-82-7220,Mandalay,Member,Female,Home and lifestyle,8,253.008,3/3/2019,Cash
280-35-5823,Mandalay,Member,Female,Home and lifestyle,1,91.056,1/17/2019,Ewallet
554-53-8700,Naypyitaw,Member,Female,Home and lifestyle,2,117.831,2/2/2019,Cash
354-25-5821,Mandalay,Member,Female,Sports and travel,6,435.456,2/8/2019,Cash
228-96-1411,Naypyitaw,Member,Female,Food and beverages,8,829.08,3/4/2019,Cash
617-15-4209,Naypyitaw,Member,Female,Health and beauty,2,32.277,3/16/2019,Cash
132-32-9879,Mandalay,Member,Female,Electronic accessories,4,394.632,3/9/2019,Cash
370-41-7321,Mandalay,Member,Female,Health and beauty,9,535.7205,2/27/2019,Credit card
727-46-3608,Mandalay,Member,Female,Food and beverages,9,189.0945,2/6/2019,Ewallet
669-54-1719,Mandalay,Member,Female,Electronic accessories,6,119.259,2/10/2019,Credit card
574-22-5561,Naypyitaw,Member,Female,Fashion accessories,10,867.615,3/19/2019,Ewallet
326-78-5178,Naypyitaw,Member,Female,Food and beverages,7,671.79,2/3/2019,Cash
162-48-8011,Yangon,Member,Female,Food and beverages,5,234.0975,2/10/2019,Cash
616-24-2851,Mandalay,Member,Female,Fashion accessories,4,75.054,3/22/2019,Ewallet
778-71-5554,Naypyitaw,Member,Female,Fashion accessories,1,16.2015,1/25/2019,Credit card
242-55-6721,Mandalay,Member,Female,Home and lifestyle,2,33.936,3/7/2019,Ewallet
399-46-5918,Naypyitaw,Member,Female,Electronic accessories,8,722.232,2/28/2019,Cash
106-35-6779,Yangon,Member,Female,Home and lifestyle,2,93.114,3/27/2019,Cash
635-40-6220,Yangon,Member,Female,Health and beauty,8,752.64,2/7/2019,Ewallet
817-48-8732,Yangon,Member,Female,Home and lifestyle,10,759.675,1/20/2019,Cash
120-06-4233,Naypyitaw,Member,Female,Electronic accessories,6,192.843,3/12/2019,Cash
285-68-5083,Naypyitaw,Member,Female,Sports and travel,3,77.931,2/15/2019,Credit card
803-83-5989,Naypyitaw,Member,Female,Home and lifestyle,6,351.099,2/24/2019,Ewallet
347-34-2234,Mandalay,Member,Female,Sports and travel,9,520.4115,2/3/2019,Ewallet
199-75-8169,Yangon,Member,Female,Sports and travel,10,166.005,3/6/2019,Credit card
853-23-2453,Mandalay,Member,Female,Health and beauty,4,318.108,2/14/2019,Cash
877-22-3308,Yangon,Member,Female,Health and beauty,10,166.635,3/13/2019,Cash
838-78-4295,Naypyitaw,Member,Female,Health and beauty,2,70.287,2/10/2019,Ewallet
109-28-2512,Mandalay,Member,Female,Fashion accessories,6,614.943,1/7/2019,Ewallet
232-11-3025,Yangon,Member,Female,Sports and travel,10,827.085,1/24/2019,Cash
382-03-4532,Yangon,Member,Female,Health and beauty,1,19.2465,2/2/2019,Cash
393-65-2792,Naypyitaw,Member,Female,Food and beverages,10,939.54,1/6/2019,Credit card
796-12-2025,Naypyitaw,Member,Female,Fashion accessories,10,652.26,2/11/2019,Cash
510-95-6347,Mandalay,Member,Female,Food and beverages,3,152.838,3/5/2019,Ewallet
841-35-6630,Naypyitaw,Member,Female,Electronic accessories,6,478.233,3/9/2019,Cash
287-21-9091,Yangon,Member,Female,Home and lifestyle,9,705.6315,1/22/2019,Ewallet
732-94-0499,Naypyitaw,Member,Female,Electronic accessories,10,437.325,1/13/2019,Credit card
263-10-3913,Naypyitaw,Member,Female,Fashion accessories,9,463.428,1/9/2019,Credit card
381-20-0914,Yangon,Member,Female,Fashion accessories,9,189.0945,1/12/2019,Credit card
829-49-1914,Naypyitaw,Member,Female,Food and beverages,10,822.255,3/5/2019,Ewallet
756-01-7507,Naypyitaw,Member,Female,Health and beauty,5,106.995,1/22/2019,Cash
870-72-4431,Naypyitaw,Member,Female,Health and beauty,6,624.897,1/21/2019,Credit card
847-38-7188,Mandalay,Member,Female,Food and beverages,3,304.542,1/26/2019,Ewallet
480-63-2856,Naypyitaw,Member,Female,Food and beverages,8,161.7,1/23/2019,Ewallet
787-56-0757,Naypyitaw,Member,Female,Food and beverages,4,337.512,2/23/2019,Credit card
360-39-5055,Naypyitaw,Member,Female,Sports and travel,5,256.7775,3/9/2019,Cash
730-50-9884,Naypyitaw,Member,Female,Sports and travel,7,610.491,3/5/2019,Ewallet
362-58-8315,Naypyitaw,Member,Female,Fashion accessories,5,401.73,3/25/2019,Cash
633-44-8566,Yangon,Member,Female,Food and beverages,7,362.943,3/27/2019,Credit card
504-35-8843,Yangon,Member,Female,Sports and travel,1,44.5935,1/2/2019,Cash
318-68-5053,Mandalay,Member,Female,Health and beauty,6,485.037,2/27/2019,Cash
565-80-5980,Naypyitaw,Member,Female,Home and lifestyle,4,198.996,1/23/2019,Cash
225-32-0908,Naypyitaw,Member,Female,Sports and travel,10,471.03,1/26/2019,Ewallet
873-51-0671,Yangon,Member,Female,Sports and travel,7,161.553,1/10/2019,Ewallet
152-08-9985,Mandalay,Member,Female,Health and beauty,9,608.202,3/12/2019,Credit card
512-91-0811,Naypyitaw,Member,Female,Health and beauty,1,94.2375,2/6/2019,Credit card
594-34-4444,Yangon,Member,Female,Electronic accessories,1,102.018,3/8/2019,Ewallet
766-85-7061,Mandalay,Member,Female,Health and beauty,10,922.635,3/29/2019,Ewallet
871-39-9221,Naypyitaw,Member,Female,Electronic accessories,6,78.435,2/9/2019,Cash
865-92-6136,Yangon,Member,Female,Food and beverages,3,166.1625,3/23/2019,Ewallet
733-01-9107,Mandalay,Member,Female,Home and lifestyle,6,521.01,3/5/2019,Cash
163-56-7055,Naypyitaw,Member,Female,Fashion accessories,1,51.1455,3/26/2019,Cash
189-98-2939,Naypyitaw,Member,Female,Fashion accessories,9,742.2975,3/1/2019,Cash
551-21-3069,Naypyitaw,Member,Female,Electronic accessories,9,218.0115,2/1/2019,Cash
212-62-1842,Yangon,Member,Female,Food and beverages,6,367.038,3/28/2019,Cash
716-39-1409,Mandalay,Member,Female,Health and beauty,7,223.0725,3/19/2019,Cash
704-48-3927,Yangon,Member,Female,Electronic accessories,10,931.035,1/12/2019,Ewallet
628-34-3388,Naypyitaw,Member,Female,Fashion accessories,6,172.494,1/5/2019,Credit card
630-74-5166,Yangon,Member,Female,Sports and travel,6,391.419,3/22/2019,Cash
588-01-7461,Naypyitaw,Member,Female,Food and beverages,9,321.111,3/24/2019,Cash
861-77-0145,Naypyitaw,Member,Female,Electronic accessories,10,860.685,3/3/2019,Cash
479-26-8945,Mandalay,Member,Female,Sports and travel,2,34.629,2/5/2019,Ewallet
210-67-5886,Naypyitaw,Member,Female,Health and beauty,3,309.3615,2/5/2019,Credit card
227-78-1148,Mandalay,Member,Female,Fashion accessories,7,535.374,2/15/2019,Cash
645-44-1170,Yangon,Member,Female,Home and lifestyle,9,548.7615,1/19/2019,Ewallet
237-01-6122,Naypyitaw,Member,Female,Home and lifestyle,9,763.4655,2/1/2019,Credit card
225-98-1496,Naypyitaw,Member,Female,Fashion accessories,3,85.113,3/2/2019,Credit card
291-32-1427,Mandalay,Member,Female,Fashion accessories,5,115.185,3/5/2019,Ewallet
659-65-8956,Mandalay,Member,Female,Fashion accessories,1,53.928,1/16/2019,Ewallet
642-32-2990,Yangon,Member,Female,Food and beverages,10,115.08,2/2/2019,Ewallet
378-24-2715,Mandalay,Member,Female,Home and lifestyle,2,112.224,1/20/2019,Ewallet
638-60-7125,Yangon,Member,Female,Electronic accessories,8,836.304,2/14/2019,Credit card
659-36-1684,Naypyitaw,Member,Female,Sports and travel,7,419.832,1/12/2019,Credit card
219-22-9386,Mandalay,Member,Female,Sports and travel,9,944.622,3/9/2019,Credit card
336-78-2147,Naypyitaw,Member,Female,Home and lifestyle,8,536.844,3/13/2019,Credit card
268-27-6179,Mandalay,Member,Female,Fashion accessories,8,474.348,3/9/2019,Ewallet
668-90-8900,Yangon,Member,Female,Home and lifestyle,7,688.6215,3/10/2019,Credit card
870-54-3162,Yangon,Member,Female,Sports and travel,5,169.3125,1/27/2019,Cash
189-08-9157,Naypyitaw,Member,Female,Fashion accessories,9,299.8485,1/8/2019,Credit card
663-86-9076,Naypyitaw,Member,Female,Food and beverages,8,575.736,1/8/2019,Ewallet
549-84-7482,Mandalay,Member,Female,Sports and travel,9,853.146,2/8/2019,Ewallet
191-10-6171,Mandalay,Normal,Female,Fashion accessories,7,291.207,1/25/2019,Cash
802-70-5316,Yangon,Member,Female,Sports and travel,6,580.419,3/6/2019,Cash
695-51-0018,Mandalay,Normal,Female,Sports and travel,4,146.328,2/10/2019,Cash
590-83-4591,Mandalay,Member,Female,Electronic accessories,6,550.935,2/17/2019,Credit card
483-71-1164,Naypyitaw,Normal,Female,Health and beauty,6,512.19,3/8/2019,Ewallet
597-78-7908,Naypyitaw,Normal,Female,Fashion accessories,3,284.193,2/18/2019,Cash
700-81-1757,Yangon,Normal,Female,Electronic accessories,5,138.1275,1/18/2019,Credit card
354-39-5160,Yangon,Member,Female,Home and lifestyle,6,216.846,2/18/2019,Cash
241-72-9525,Mandalay,Normal,Female,Sports and travel,10,545.055,2/16/2019,Cash
575-30-8091,Yangon,Normal,Female,Sports and travel,8,609,3/16/2019,Ewallet
731-81-9469,Naypyitaw,Member,Female,Sports and travel,10,942.9,1/23/2019,Credit card
280-17-4359,Naypyitaw,Member,Male,Health and beauty,10,950.25,1/25/2019,Cash
338-65-2210,Naypyitaw,Member,Female,Health and beauty,10,720.3,2/5/2019,Cash
488-25-4221,Naypyitaw,Member,Female,Food and beverages,1,31.9305,2/22/2019,Credit card
239-10-7476,Yangon,Normal,Female,Home and lifestyle,6,491.085,1/21/2019,Ewallet
458-41-1477,Naypyitaw,Normal,Female,Health and beauty,6,291.438,3/8/2019,Credit card
685-64-1609,Yangon,Member,Female,Fashion accessories,10,316.47,2/10/2019,Ewallet
568-90-5112,Naypyitaw,Normal,Male,Health and beauty,4,277.788,3/19/2019,Credit card
262-47-2794,Mandalay,Member,Male,Home and lifestyle,8,603.624,3/6/2019,Credit card
238-49-0436,Yangon,Normal,Male,Health and beauty,8,272.664,3/27/2019,Credit card
608-96-3517,Mandalay,Member,Female,Fashion accessories,4,384.468,3/23/2019,Credit card
584-86-7256,Naypyitaw,Member,Male,Sports and travel,7,254.016,3/11/2019,Credit card
746-94-0204,Yangon,Normal,Male,Fashion accessories,9,786.618,1/29/2019,Credit card
214-17-6927,Naypyitaw,Normal,Female,Food and beverages,6,103.824,2/7/2019,Ewallet
400-89-4171,Naypyitaw,Normal,Female,Sports and travel,8,680.148,1/28/2019,Cash
782-95-9291,Yangon,Member,Male,Food and beverages,5,484.5225,2/20/2019,Credit card
279-74-2924,Mandalay,Member,Male,Electronic accessories,1,75.7785,1/4/2019,Cash
307-85-2293,Mandalay,Normal,Male,Home and lifestyle,5,263.97,3/7/2019,Ewallet
743-04-1105,Mandalay,Member,Male,Health and beauty,9,918.729,3/30/2019,Ewallet
423-57-2993,Mandalay,Normal,Male,Sports and travel,6,588.357,3/27/2019,Ewallet
894-41-5205,Naypyitaw,Normal,Female,Food and beverages,8,362.712,1/19/2019,Credit card
275-28-0149,Yangon,Normal,Male,Sports and travel,1,66.8745,2/25/2019,Cash
101-17-6199,Yangon,Normal,Male,Food and beverages,7,336.5565,3/13/2019,Credit card
423-80-0988,Naypyitaw,Normal,Male,Sports and travel,2,160.44,1/30/2019,Ewallet
548-46-9322,Mandalay,Normal,Male,Food and beverages,10,418.95,2/20/2019,Credit card
505-02-0892,Mandalay,Member,Male,Health and beauty,8,357.588,2/25/2019,Ewallet
234-65-2137,Naypyitaw,Normal,Male,Home and lifestyle,10,1003.59,1/16/2019,Cash
687-47-8271,Yangon,Normal,Male,Fashion accessories,10,1039.29,2/8/2019,Credit card
796-32-9050,Yangon,Normal,Male,Food and beverages,6,323.064,1/19/2019,Cash
105-31-1824,Yangon,Member,Male,Sports and travel,7,510.972,2/1/2019,Credit card
249-42-3782,Yangon,Normal,Male,Health and beauty,5,367.5525,1/3/2019,Ewallet
316-55-4634,Mandalay,Member,Male,Food and beverages,5,420.2625,1/26/2019,Credit card
733-33-4967,Naypyitaw,Normal,Male,Electronic accessories,8,175.14,3/3/2019,Cash
608-27-6295,Mandalay,Member,Male,Electronic accessories,6,333.207,1/19/2019,Credit card
414-12-7047,Mandalay,Normal,Male,Food and beverages,8,166.236,1/18/2019,Ewallet
827-26-2100,Yangon,Member,Male,Home and lifestyle,9,319.788,3/21/2019,Ewallet
175-54-2529,Yangon,Member,Male,Food and beverages,8,186.228,3/3/2019,Credit card
139-52-2867,Naypyitaw,Normal,Female,Fashion accessories,7,165.4485,2/13/2019,Credit card
407-63-8975,Yangon,Normal,Male,Food and beverages,6,465.444,3/23/2019,Ewallet
342-65-4817,Naypyitaw,Member,Male,Health and beauty,3,273.42,1/28/2019,Ewallet
130-98-8941,Naypyitaw,Normal,Male,Fashion accessories,7,472.311,2/9/2019,Cash
434-83-9547,Naypyitaw,Member,Male,Food and beverages,8,323.148,1/23/2019,Cash
851-28-6367,Yangon,Member,Male,Sports and travel,10,162.75,3/23/2019,Ewallet
824-88-3614,Naypyitaw,Normal,Male,Health and beauty,8,288.204,1/25/2019,Ewallet
586-25-0848,Yangon,Normal,Female,Sports and travel,7,90.699,3/4/2019,Credit card
895-66-0685,Mandalay,Member,Male,Food and beverages,3,56.952,3/5/2019,Ewallet
305-14-0245,Mandalay,Member,Female,Home and lifestyle,8,793.716,3/3/2019,Ewallet
732-04-5373,Mandalay,Member,Male,Home and lifestyle,4,195.174,2/8/2019,Cash
400-60-7251,Yangon,Normal,Male,Home and lifestyle,1,77.7735,2/10/2019,Ewallet
593-65-1552,Naypyitaw,Normal,Female,Home and lifestyle,4,293.202,1/28/2019,Credit card
284-34-9626,Mandalay,Normal,Female,Home and lifestyle,3,242.676,2/11/2019,Credit card
437-58-8131,Mandalay,Normal,Female,Fashion accessories,2,154.392,1/15/2019,Ewallet
286-43-6208,Naypyitaw,Normal,Female,Food and beverages,9,829.71,3/16/2019,Cash
641-43-2399,Mandalay,Normal,Male,Home and lifestyle,4,107.31,1/26/2019,Ewallet
831-07-6050,Yangon,Normal,Male,Electronic accessories,5,171.7275,3/19/2019,Credit card
556-86-3144,Naypyitaw,Member,Female,Fashion accessories,1,78.0045,1/13/2019,Cash
848-24-9445,Naypyitaw,Member,Male,Health and beauty,2,91.77,3/26/2019,Cash
856-22-8149,Yangon,Normal,Female,Home and lifestyle,1,26.5545,3/23/2019,Ewallet
699-01-4164,Naypyitaw,Normal,Male,Health and beauty,4,174.3,3/12/2019,Credit card
420-11-4919,Naypyitaw,Member,Female,Food and beverages,5,374.7975,2/17/2019,Credit card
606-80-4905,Naypyitaw,Member,Female,Sports and travel,6,120.645,1/29/2019,Credit card
542-41-0513,Mandalay,Member,Female,Electronic accessories,4,241.458,3/15/2019,Cash
426-39-2418,Naypyitaw,Normal,Male,Electronic accessories,7,451.3635,1/14/2019,Cash
875-46-5808,Mandalay,Member,Male,Health and beauty,10,271.95,2/6/2019,Ewallet
394-43-4238,Mandalay,Member,Male,Home and lifestyle,5,93.2925,2/15/2019,Credit card
749-24-1565,Yangon,Normal,Female,Health and beauty,9,217.6335,1/3/2019,Ewallet
672-51-8681,Naypyitaw,Member,Female,Electronic accessories,9,629.8425,1/4/2019,Credit card
263-87-5680,Naypyitaw,Member,Female,Home and lifestyle,10,299.565,3/18/2019,Ewallet
573-58-9734,Mandalay,Normal,Female,Fashion accessories,3,95.6655,3/28/2019,Ewallet
817-69-8206,Mandalay,Normal,Female,Electronic accessories,9,942.4485,3/2/2019,Credit card
888-02-0338,Yangon,Normal,Male,Electronic accessories,9,247.8735,1/25/2019,Ewallet
677-11-0152,Naypyitaw,Normal,Female,Food and beverages,9,881.307,1/16/2019,Cash
142-63-6033,Mandalay,Normal,Male,Home and lifestyle,5,484.89,3/20/2019,Ewallet
656-16-1063,Mandalay,Normal,Male,Sports and travel,3,146.223,1/4/2019,Credit card
891-58-8335,Mandalay,Member,Female,Sports and travel,7,217.6335,3/11/2019,Cash
802-43-8934,Yangon,Normal,Male,Home and lifestyle,1,19.194,3/22/2019,Credit card
560-30-5617,Mandalay,Normal,Female,Sports and travel,5,130.0425,3/24/2019,Cash
319-74-2561,Yangon,Member,Female,Electronic accessories,3,298.116,2/21/2019,Cash
549-03-9315,Mandalay,Normal,Male,Fashion accessories,8,796.908,2/12/2019,Ewallet
790-29-1172,Mandalay,Normal,Female,Food and beverages,3,180.621,3/10/2019,Credit card
239-36-3640,Mandalay,Normal,Male,Electronic accessories,6,285.705,1/31/2019,Ewallet
468-01-2051,Mandalay,Normal,Male,Food and beverages,7,456.288,3/6/2019,Ewallet
389-25-3394,Naypyitaw,Normal,Male,Electronic accessories,5,62.0025,2/17/2019,Cash
279-62-1445,Naypyitaw,Member,Female,Fashion accessories,1,13.167,2/21/2019,Cash
213-72-6612,Yangon,Normal,Male,Food and beverages,2,90.825,3/20/2019,Cash
746-68-6593,Naypyitaw,Member,Female,Sports and travel,2,183.036,1/11/2019,Credit card
836-82-5858,Mandalay,Member,Male,Health and beauty,9,655.5465,1/26/2019,Ewallet
583-72-1480,Naypyitaw,Member,Male,Electronic accessories,4,155.652,1/31/2019,Ewallet
466-61-5506,Mandalay,Member,Female,Electronic accessories,6,571.41,2/26/2019,Cash
721-86-6247,Yangon,Normal,Female,Home and lifestyle,8,532.728,3/11/2019,Ewallet
289-65-5721,Mandalay,Normal,Female,Fashion accessories,2,170.877,1/26/2019,Cash
545-46-3100,Mandalay,Member,Female,Electronic accessories,3,33.3585,3/12/2019,Credit card
418-02-5978,Mandalay,Normal,Female,Health and beauty,9,794.6505,2/11/2019,Cash
269-04-5750,Mandalay,Member,Male,Fashion accessories,4,310.044,2/21/2019,Cash
157-13-5295,Yangon,Member,Male,Health and beauty,10,545.37,3/9/2019,Ewallet
645-78-8093,Yangon,Normal,Female,Sports and travel,2,195.594,1/20/2019,Ewallet
211-30-9270,Naypyitaw,Normal,Male,Health and beauty,5,91.4025,1/28/2019,Credit card
755-12-3214,Naypyitaw,Member,Female,Fashion accessories,5,232.155,3/5/2019,Credit card
346-84-3103,Mandalay,Member,Female,Electronic accessories,5,69.405,3/2/2019,Cash
478-06-7835,Yangon,Normal,Male,Fashion accessories,1,94.1745,1/11/2019,Ewallet
540-11-4336,Yangon,Normal,Male,Food and beverages,9,235.683,1/11/2019,Credit card
448-81-5016,Yangon,Normal,Male,Health and beauty,2,125.517,3/11/2019,Credit card
142-72-4741,Naypyitaw,Member,Male,Fashion accessories,2,195.72,2/28/2019,Credit card
217-58-1179,Yangon,Member,Male,Home and lifestyle,4,263.13,1/5/2019,Cash
376-02-8238,Mandalay,Normal,Male,Home and lifestyle,8,788.508,2/2/2019,Credit card
530-90-9855,Yangon,Member,Male,Home and lifestyle,8,399.756,1/1/2019,Cash
866-05-7563,Mandalay,Member,Female,Electronic accessories,3,256.41,2/9/2019,Cash
604-70-6476,Yangon,Member,Male,Fashion accessories,5,94.185,1/23/2019,Ewallet
799-71-1548,Yangon,Member,Male,Electronic accessories,4,326.424,1/7/2019,Credit card
785-13-7708,Mandalay,Normal,Male,Food and beverages,7,536.991,1/14/2019,Credit card
845-51-0542,Mandalay,Member,Male,Food and beverages,9,439.8975,2/2/2019,Ewallet
662-47-5456,Naypyitaw,Member,Male,Fashion accessories,10,369.495,3/17/2019,Credit card
883-17-4236,Naypyitaw,Normal,Female,Sports and travel,2,30.219,3/2/2019,Credit card
290-68-2984,Yangon,Normal,Male,Home and lifestyle,4,99.75,3/16/2019,Cash
704-11-6354,Yangon,Member,Male,Home and lifestyle,8,494.76,1/6/2019,Cash
110-48-7033,Mandalay,Member,Male,Fashion accessories,4,137.004,1/29/2019,Cash
366-93-0948,Yangon,Member,Male,Electronic accessories,1,69.6675,1/31/2019,Credit card
729-09-9681,Yangon,Member,Male,Home and lifestyle,6,163.233,2/5/2019,Ewallet
151-16-1484,Yangon,Member,Male,Electronic accessories,4,135.45,2/13/2019,Ewallet
380-94-4661,Naypyitaw,Member,Male,Electronic accessories,4,276.948,2/7/2019,Credit card
850-41-9669,Yangon,Normal,Female,Electronic accessories,9,709.317,3/19/2019,Ewallet
821-07-3596,Naypyitaw,Normal,Female,Fashion accessories,4,69.09,3/7/2019,Ewallet
655-85-5130,Mandalay,Member,Female,Fashion accessories,4,160.86,3/13/2019,Cash
447-15-7839,Yangon,Member,Female,Sports and travel,10,233.52,2/9/2019,Cash
154-74-7179,Mandalay,Normal,Male,Sports and travel,1,57.1725,2/26/2019,Ewallet
253-12-6086,Yangon,Member,Female,Sports and travel,7,723.24,3/12/2019,Credit card
808-65-0703,Naypyitaw,Normal,Male,Home and lifestyle,4,148.974,3/14/2019,Credit card
571-94-0759,Mandalay,Member,Female,Food and beverages,10,783.3,1/8/2019,Cash
144-51-6085,Yangon,Member,Male,Home and lifestyle,4,297.108,1/5/2019,Credit card
731-14-2199,Yangon,Member,Female,Home and lifestyle,10,373.17,1/4/2019,Ewallet
783-09-1637,Mandalay,Normal,Female,Sports and travel,5,354.0075,3/6/2019,Ewallet
687-15-1097,Naypyitaw,Member,Female,Health and beauty,2,44.352,1/3/2019,Cash
126-54-1082,Yangon,Member,Female,Home and lifestyle,9,203.553,1/7/2019,Credit card
633-91-1052,Yangon,Normal,Female,Home and lifestyle,2,25.263,1/27/2019,Cash
477-24-6490,Mandalay,Normal,Female,Health and beauty,6,628.173,2/26/2019,Ewallet
566-19-5475,Mandalay,Normal,Male,Fashion accessories,7,352.5795,1/7/2019,Cash
526-86-8552,Naypyitaw,Member,Female,Home and lifestyle,10,229.11,1/7/2019,Cash
376-56-3573,Naypyitaw,Normal,Female,Fashion accessories,4,400.764,2/2/2019,Ewallet
537-72-0426,Naypyitaw,Member,Male,Fashion accessories,10,745.395,3/20/2019,Cash
828-61-5674,Yangon,Member,Male,Sports and travel,10,462.21,3/20/2019,Credit card
136-08-6195,Yangon,Normal,Female,Home and lifestyle,8,587.664,2/15/2019,Credit card
523-38-0215,Naypyitaw,Normal,Male,Home and lifestyle,1,38.85,3/6/2019,Credit card
490-29-1201,Yangon,Normal,Female,Sports and travel,1,16.107,1/6/2019,Cash
667-92-0055,Yangon,Member,Male,Health and beauty,6,628.929,3/4/2019,Ewallet
565-17-3836,Yangon,Member,Female,Health and beauty,4,200.214,3/12/2019,Cash
498-41-1961,Mandalay,Normal,Male,Health and beauty,5,350.07,2/20/2019,Cash
593-95-4461,Naypyitaw,Member,Male,Home and lifestyle,1,78.603,3/24/2019,Cash
226-71-3580,Naypyitaw,Normal,Female,Sports and travel,9,224.4375,1/31/2019,Cash
283-79-9594,Mandalay,Normal,Female,Food and beverages,7,356.5485,1/25/2019,Credit card
430-60-3493,Yangon,Member,Female,Home and lifestyle,7,697.368,2/3/2019,Cash
139-20-0155,Mandalay,Member,Male,Electronic accessories,10,423.15,1/24/2019,Credit card
558-80-4082,Naypyitaw,Normal,Male,Electronic accessories,7,204.6975,3/14/2019,Ewallet
278-97-7759,Yangon,Member,Female,Electronic accessories,1,65.604,2/18/2019,Cash
316-68-6352,Yangon,Member,Female,Food and beverages,2,76.356,1/21/2019,Cash
585-03-5943,Mandalay,Normal,Male,Health and beauty,10,190.155,3/13/2019,Ewallet
211-05-0490,Naypyitaw,Member,Female,Electronic accessories,5,272.58,3/3/2019,Cash
727-75-6477,Naypyitaw,Normal,Male,Electronic accessories,4,121.128,3/29/2019,Cash
744-02-5987,Yangon,Member,Male,Home and lifestyle,6,493.794,1/10/2019,Ewallet
307-83-9164,Yangon,Member,Male,Home and lifestyle,4,252.042,1/25/2019,Cash
779-06-0012,Naypyitaw,Member,Female,Home and lifestyle,1,93.0405,1/19/2019,Cash
446-47-6729,Naypyitaw,Normal,Male,Fashion accessories,2,209.622,1/2/2019,Credit card
573-10-3877,Mandalay,Member,Male,Health and beauty,1,40.9605,3/12/2019,Credit card
735-06-4124,Naypyitaw,Normal,Male,Food and beverages,1,51.0405,2/25/2019,Cash
439-54-7422,Yangon,Normal,Female,Electronic accessories,4,214.998,3/18/2019,Credit card
396-90-2219,Mandalay,Normal,Female,Electronic accessories,8,125.664,2/23/2019,Cash
411-77-0180,Yangon,Member,Male,Electronic accessories,7,530.67,3/26/2019,Ewallet
286-01-5402,Yangon,Normal,Female,Sports and travel,7,295.6905,3/30/2019,Cash
803-17-8013,Yangon,Member,Female,Home and lifestyle,8,745.836,2/17/2019,Cash
512-98-1403,Yangon,Member,Female,Electronic accessories,3,83.412,3/21/2019,Ewallet
848-42-2560,Yangon,Normal,Female,Fashion accessories,2,172.011,3/5/2019,Cash
532-59-7201,Mandalay,Member,Male,Sports and travel,6,503.559,1/31/2019,Cash
181-94-6432,Naypyitaw,Member,Male,Fashion accessories,2,145.593,2/5/2019,Ewallet
870-76-1733,Yangon,Member,Female,Food and beverages,5,74.7075,2/1/2019,Credit card
423-64-4619,Yangon,Member,Female,Health and beauty,9,146.9475,3/7/2019,Cash
227-07-4446,Naypyitaw,Member,Female,Electronic accessories,10,820.365,2/10/2019,Cash
174-36-3675,Naypyitaw,Member,Male,Food and beverages,2,208.677,2/14/2019,Cash
428-83-5800,Naypyitaw,Member,Female,Food and beverages,3,66.402,2/9/2019,Cash
603-07-0961,Naypyitaw,Member,Male,Electronic accessories,5,392.6475,1/10/2019,Cash
704-20-4138,Naypyitaw,Member,Female,Health and beauty,7,218.0745,3/11/2019,Credit card
787-15-1757,Naypyitaw,Member,Male,Health and beauty,4,185.094,2/18/2019,Ewallet
649-11-3678,Naypyitaw,Normal,Female,Food and beverages,9,216.6885,2/26/2019,Cash
622-20-1945,Naypyitaw,Normal,Female,Health and beauty,1,41.391,1/18/2019,Cash
372-94-8041,Yangon,Normal,Male,Health and beauty,6,96.138,2/15/2019,Ewallet
563-91-7120,Yangon,Normal,Female,Fashion accessories,5,324.2925,3/8/2019,Cash
746-54-5508,Yangon,Normal,Male,Home and lifestyle,6,135.576,1/17/2019,Credit card
276-54-0879,Mandalay,Normal,Male,Sports and travel,4,410.508,3/12/2019,Ewallet
815-11-1168,Yangon,Member,Male,Food and beverages,5,523.845,3/9/2019,Cash
719-76-3868,Naypyitaw,Member,Male,Food and beverages,4,395.892,3/12/2019,Cash
730-61-8757,Mandalay,Member,Male,Health and beauty,4,214.746,1/25/2019,Credit card
340-66-0321,Yangon,Member,Male,Electronic accessories,4,152.712,3/25/2019,Cash
868-81-1752,Mandalay,Normal,Male,Home and lifestyle,9,208.089,2/7/2019,Cash
634-97-8956,Yangon,Normal,Male,Food and beverages,3,103.635,2/17/2019,Credit card
566-71-1091,Yangon,Normal,Male,Fashion accessories,5,404.355,2/3/2019,Cash
442-48-3607,Yangon,Member,Male,Food and beverages,2,49.308,3/14/2019,Credit card
835-16-0096,Naypyitaw,Member,Male,Sports and travel,5,77.175,3/24/2019,Ewallet
527-09-6272,Yangon,Member,Female,Electronic accessories,5,149.3625,3/21/2019,Credit card
898-04-2717,Yangon,Normal,Male,Fashion accessories,9,721.98,3/19/2019,Ewallet
692-27-8933,Mandalay,Normal,Female,Sports and travel,6,365.085,2/24/2019,Cash
633-09-3463,Naypyitaw,Normal,Female,Electronic accessories,3,150.0975,3/28/2019,Credit card
374-17-3652,Mandalay,Member,Female,Food and beverages,9,404.649,2/5/2019,Credit card
378-07-7001,Mandalay,Member,Male,Electronic accessories,3,151.4835,2/10/2019,Credit card
433-75-6987,Mandalay,Member,Female,Health and beauty,7,411.3795,3/5/2019,Ewallet
873-95-4984,Mandalay,Member,Female,Health and beauty,7,565.215,2/15/2019,Cash
416-13-5917,Naypyitaw,Normal,Female,Food and beverages,5,509.4075,1/30/2019,Ewallet
150-89-8043,Yangon,Normal,Male,Sports and travel,3,140.6475,2/14/2019,Cash
135-84-8019,Yangon,Normal,Female,Fashion accessories,9,736.4385,2/27/2019,Ewallet
441-94-7118,Yangon,Member,Male,Electronic accessories,1,75.5475,2/4/2019,Cash
725-96-3778,Naypyitaw,Member,Female,Home and lifestyle,8,749.7,1/20/2019,Cash
531-80-1784,Yangon,Normal,Male,Electronic accessories,7,191.247,3/28/2019,Cash
400-45-1220,Mandalay,Normal,Female,Health and beauty,10,141.75,2/27/2019,Credit card
860-79-0874,Naypyitaw,Member,Female,Fashion accessories,10,1042.65,2/15/2019,Credit card
834-61-8124,Yangon,Normal,Male,Electronic accessories,7,379.9215,1/26/2019,Cash
115-99-4379,Mandalay,Member,Female,Fashion accessories,7,402.2655,3/14/2019,Credit card
565-67-6697,Mandalay,Member,Male,Home and lifestyle,9,255.15,3/2/2019,Cash
320-49-6392,Naypyitaw,Normal,Female,Electronic accessories,1,31.752,3/4/2019,Cash
889-04-9723,Mandalay,Member,Female,Food and beverages,4,374.388,1/7/2019,Credit card
632-90-0281,Naypyitaw,Normal,Female,Fashion accessories,10,394.275,3/8/2019,Credit card
554-42-2417,Naypyitaw,Normal,Female,Sports and travel,10,1002.12,1/9/2019,Cash
453-63-6187,Mandalay,Normal,Male,Electronic accessories,3,86.625,3/1/2019,Ewallet
578-80-7669,Mandalay,Normal,Male,Sports and travel,1,78.7185,3/16/2019,Cash
612-36-5536,Yangon,Member,Male,Food and beverages,8,680.064,2/17/2019,Credit card
605-72-4132,Naypyitaw,Normal,Female,Food and beverages,8,793.548,2/27/2019,Cash
471-41-2823,Naypyitaw,Normal,Male,Food and beverages,2,209.559,3/7/2019,Ewallet
462-67-9126,Yangon,Normal,Male,Home and lifestyle,6,461.286,1/21/2019,Cash
272-27-9238,Naypyitaw,Normal,Female,Food and beverages,4,173.208,2/19/2019,Cash
834-25-9262,Naypyitaw,Normal,Female,Fashion accessories,4,343.056,1/6/2019,Cash
122-61-9553,Naypyitaw,Normal,Female,Electronic accessories,9,484.974,3/14/2019,Cash
468-88-0009,Yangon,Member,Male,Home and lifestyle,4,276.948,3/24/2019,Cash
613-59-9758,Naypyitaw,Normal,Female,Sports and travel,10,150.78,1/27/2019,Cash
254-31-0042,Yangon,Member,Male,Electronic accessories,9,203.175,3/6/2019,Credit card
201-86-2184,Mandalay,Member,Female,Electronic accessories,7,193.011,2/2/2019,Cash
261-12-8671,Mandalay,Normal,Female,Fashion accessories,2,128.016,1/25/2019,Credit card
730-70-9830,Naypyitaw,Normal,Female,Home and lifestyle,6,441.693,3/14/2019,Ewallet
382-25-8917,Naypyitaw,Normal,Male,Fashion accessories,6,265.104,1/29/2019,Cash
422-29-8786,Yangon,Normal,Female,Home and lifestyle,5,352.2225,1/3/2019,Credit card
667-23-5919,Yangon,Member,Female,Fashion accessories,5,507.675,1/14/2019,Ewallet
843-01-4703,Mandalay,Member,Female,Home and lifestyle,9,334.341,1/5/2019,Credit card
743-88-1662,Naypyitaw,Normal,Male,Sports and travel,7,701.8515,2/22/2019,Ewallet
595-86-2894,Naypyitaw,Member,Male,Fashion accessories,4,407.316,2/6/2019,Ewallet
182-69-8360,Mandalay,Normal,Female,Electronic accessories,4,99.33,1/30/2019,Credit card
289-15-7034,Yangon,Member,Male,Sports and travel,4,345.786,1/11/2019,Credit card
462-78-5240,Naypyitaw,Normal,Female,Electronic accessories,2,55.881,3/19/2019,Cash
868-52-7573,Mandalay,Normal,Female,Food and beverages,5,523.3725,1/14/2019,Cash
153-58-4872,Naypyitaw,Member,Female,Food and beverages,4,314.538,3/1/2019,Ewallet
662-72-2873,Yangon,Normal,Female,Food and beverages,5,214.935,1/6/2019,Ewallet
525-88-7307,Mandalay,Member,Male,Sports and travel,1,79.611,1/31/2019,Cash
689-16-9784,Naypyitaw,Normal,Male,Food and beverages,6,294.651,3/11/2019,Cash
725-56-0833,Yangon,Normal,Female,Health and beauty,10,339.36,2/20/2019,Credit card
394-41-0748,Naypyitaw,Member,Female,Fashion accessories,9,510.9615,1/27/2019,Ewallet
596-42-3999,Mandalay,Normal,Male,Food and beverages,7,133.917,3/10/2019,Credit card
541-89-9860,Naypyitaw,Member,Female,Fashion accessories,3,253.512,2/15/2019,Cash
173-82-9529,Mandalay,Normal,Female,Fashion accessories,10,398.475,1/26/2019,Cash
563-36-9814,Yangon,Member,Male,Electronic accessories,1,80.661,2/13/2019,Ewallet
308-47-4913,Yangon,Member,Female,Sports and travel,10,548.73,3/9/2019,Credit card
885-17-6250,Yangon,Normal,Female,Health and beauty,1,83.727,3/6/2019,Ewallet
726-27-2396,Yangon,Normal,Female,Health and beauty,5,406.875,1/24/2019,Ewallet
316-01-3952,Yangon,Normal,Female,Food and beverages,5,284.9175,3/13/2019,Ewallet
760-54-1821,Mandalay,Normal,Male,Home and lifestyle,9,128.4255,3/15/2019,Cash
793-10-3222,Mandalay,Member,Female,Health and beauty,6,258.678,3/5/2019,Credit card
346-12-3257,Mandalay,Member,Male,Electronic accessories,9,181.818,3/4/2019,Cash
110-05-6330,Naypyitaw,Normal,Female,Food and beverages,6,248.409,3/25/2019,Credit card
651-61-0874,Naypyitaw,Normal,Male,Home and lifestyle,4,194.124,3/12/2019,Credit card
236-86-3015,Naypyitaw,Member,Male,Home and lifestyle,1,14.679,2/4/2019,Ewallet
831-64-0259,Mandalay,Normal,Female,Fashion accessories,5,208.6875,2/22/2019,Ewallet
587-03-7455,Naypyitaw,Member,Female,Fashion accessories,7,718.7565,2/16/2019,Ewallet
882-40-4577,Yangon,Member,Male,Sports and travel,4,282.492,1/19/2019,Credit card
732-67-5346,Yangon,Normal,Male,Food and beverages,5,72.3975,1/11/2019,Credit card
725-32-9708,Mandalay,Member,Female,Fashion accessories,4,288.582,1/4/2019,Cash
256-08-8343,Yangon,Normal,Female,Home and lifestyle,4,237.426,3/4/2019,Ewallet
372-26-1506,Naypyitaw,Normal,Female,Fashion accessories,5,125.055,1/28/2019,Ewallet
244-08-0162,Mandalay,Normal,Female,Health and beauty,10,359.205,1/2/2019,Cash
569-71-4390,Mandalay,Normal,Male,Sports and travel,2,45.927,1/25/2019,Ewallet
132-23-6451,Yangon,Member,Male,Health and beauty,5,110.0925,1/4/2019,Cash
696-90-2548,Yangon,Normal,Male,Sports and travel,3,81.396,3/10/2019,Ewallet
472-15-9636,Yangon,Normal,Male,Home and lifestyle,8,427.812,3/22/2019,Ewallet
268-03-6164,Mandalay,Normal,Male,Health and beauty,1,100.9155,1/25/2019,Ewallet
750-57-9686,Naypyitaw,Normal,Female,Home and lifestyle,4,190.596,1/8/2019,Credit card
186-09-3669,Naypyitaw,Member,Female,Health and beauty,1,85.5855,1/22/2019,Ewallet
848-07-1692,Mandalay,Normal,Female,Health and beauty,2,120.162,1/12/2019,Ewallet
745-71-3520,Yangon,Member,Female,Electronic accessories,7,185.367,2/4/2019,Cash
266-76-6436,Naypyitaw,Member,Female,Food and beverages,3,121.59,3/28/2019,Ewallet
740-22-2500,Naypyitaw,Normal,Female,Electronic accessories,3,264.7575,1/23/2019,Cash
271-88-8734,Naypyitaw,Member,Female,Fashion accessories,10,1020.705,2/8/2019,Credit card
301-81-8610,Mandalay,Member,Male,Fashion accessories,8,213.528,3/19/2019,Credit card
489-64-4354,Naypyitaw,Normal,Male,Fashion accessories,1,17.094,3/9/2019,Cash
198-84-7132,Mandalay,Member,Male,Fashion accessories,9,383.7645,1/2/2019,Cash
269-10-8440,Yangon,Member,Male,Health and beauty,7,390.7995,1/21/2019,Cash
650-98-6268,Mandalay,Member,Female,Food and beverages,3,65.7405,3/20/2019,Credit card
741-73-3559,Mandalay,Normal,Male,Sports and travel,5,353.1675,2/27/2019,Cash
325-77-6186,Yangon,Member,Female,Home and lifestyle,10,951.825,3/8/2019,Ewallet
286-75-7818,Mandalay,Normal,Male,Fashion accessories,2,145.068,1/31/2019,Credit card
574-57-9721,Naypyitaw,Normal,Male,Food and beverages,2,90.867,3/8/2019,Ewallet
459-50-7686,Yangon,Normal,Female,Electronic accessories,6,147.798,1/13/2019,Ewallet
616-87-0016,Mandalay,Normal,Male,Fashion accessories,7,702.219,3/9/2019,Credit card
837-55-7229,Mandalay,Normal,Female,Fashion accessories,1,49.812,2/22/2019,Credit card
751-69-0068,Naypyitaw,Normal,Male,Sports and travel,9,937.818,3/19/2019,Ewallet
257-73-1380,Naypyitaw,Member,Male,Sports and travel,4,348.306,1/20/2019,Ewallet
345-08-4992,Yangon,Normal,Male,Home and lifestyle,6,214.137,3/8/2019,Credit card
549-96-4200,Naypyitaw,Member,Male,Food and beverages,4,71.568,3/8/2019,Ewallet
810-60-6344,Naypyitaw,Normal,Female,Electronic accessories,8,343.224,2/7/2019,Credit card
450-28-2866,Naypyitaw,Member,Male,Food and beverages,5,91.56,1/15/2019,Cash
394-30-3170,Mandalay,Member,Female,Sports and travel,8,742.812,3/22/2019,Credit card
138-17-5109,Yangon,Member,Female,Home and lifestyle,9,843.0345,1/15/2019,Credit card
192-98-7397,Naypyitaw,Normal,Male,Fashion accessories,1,13.419,1/8/2019,Ewallet
301-11-9629,Yangon,Normal,Female,Sports and travel,7,140.385,1/15/2019,Cash
390-80-5128,Mandalay,Member,Female,Health and beauty,1,20.1075,1/28/2019,Credit card
235-46-8343,Naypyitaw,Member,Male,Food and beverages,10,290.43,2/14/2019,Credit card
453-12-7053,Naypyitaw,Normal,Male,Fashion accessories,3,144.081,3/10/2019,Credit card
296-11-7041,Mandalay,Member,Female,Health and beauty,1,28.4235,1/12/2019,Credit card
449-27-2918,Mandalay,Member,Female,Sports and travel,1,41.076,3/26/2019,Credit card
891-01-7034,Mandalay,Normal,Female,Electronic accessories,6,470.673,1/1/2019,Cash
744-09-5786,Mandalay,Normal,Male,Electronic accessories,6,138.663,1/2/2019,Cash
727-17-0390,Yangon,Normal,Female,Food and beverages,5,333.9525,3/16/2019,Ewallet
568-88-3448,Yangon,Normal,Male,Health and beauty,1,26.25,3/3/2019,Ewallet
187-83-5490,Yangon,Member,Male,Electronic accessories,4,87.234,1/31/2019,Cash
767-54-1907,Mandalay,Member,Female,Fashion accessories,5,155.19,2/13/2019,Cash
710-46-4433,Mandalay,Member,Female,Food and beverages,9,731.43,2/15/2019,Credit card
533-33-5337,Mandalay,Normal,Male,Electronic accessories,10,833.595,2/7/2019,Cash
325-90-8763,Naypyitaw,Member,Female,Electronic accessories,10,488.985,1/27/2019,Cash
729-46-7422,Naypyitaw,Normal,Male,Food and beverages,1,37.6845,2/23/2019,Credit card
639-76-1242,Naypyitaw,Normal,Male,Food and beverages,5,212.73,2/3/2019,Cash
234-03-4040,Mandalay,Member,Female,Food and beverages,10,767.025,3/3/2019,Credit card
326-71-2155,Naypyitaw,Normal,Female,Sports and travel,4,310.59,2/3/2019,Cash
320-32-8842,Naypyitaw,Member,Female,Food and beverages,1,23.751,3/17/2019,Cash
470-32-9057,Yangon,Member,Male,Food and beverages,5,269.535,3/28/2019,Credit card
878-30-2331,Naypyitaw,Member,Female,Sports and travel,10,572.775,3/2/2019,Credit card
440-59-5691,Naypyitaw,Member,Female,Health and beauty,7,273.0525,2/8/2019,Credit card
554-53-3790,Mandalay,Normal,Male,Sports and travel,6,233.226,3/22/2019,Cash
746-19-0921,Naypyitaw,Normal,Male,Food and beverages,1,22.659,2/9/2019,Ewallet
233-34-0817,Naypyitaw,Member,Female,Electronic accessories,1,103.782,2/15/2019,Cash
767-05-1286,Naypyitaw,Member,Female,Home and lifestyle,6,527.751,1/23/2019,Ewallet
340-21-9136,Yangon,Member,Female,Sports and travel,4,168.21,1/25/2019,Cash
405-31-3305,Yangon,Member,Male,Fashion accessories,10,452.865,2/2/2019,Credit card
731-59-7531,Mandalay,Member,Male,Health and beauty,8,609.588,3/30/2019,Cash
676-39-6028,Yangon,Member,Female,Electronic accessories,5,338.31,3/30/2019,Cash
502-05-1910,Yangon,Normal,Male,Health and beauty,3,205.317,2/25/2019,Credit card
485-30-8700,Yangon,Normal,Female,Sports and travel,5,174.615,3/18/2019,Credit card
598-47-9715,Naypyitaw,Normal,Male,Electronic accessories,4,353.094,3/7/2019,Ewallet
701-69-8742,Mandalay,Normal,Male,Sports and travel,10,360.885,3/16/2019,Ewallet
575-67-1508,Yangon,Normal,Male,Electronic accessories,1,40.53,1/29/2019,Ewallet
541-08-3113,Naypyitaw,Normal,Male,Food and beverages,8,554.148,2/2/2019,Cash
246-11-3901,Naypyitaw,Normal,Female,Electronic accessories,10,344.4,2/15/2019,Cash
674-15-9296,Yangon,Normal,Male,Sports and travel,5,194.985,1/8/2019,Ewallet
305-18-3552,Mandalay,Member,Male,Home and lifestyle,10,633.99,2/12/2019,Cash
493-65-6248,Naypyitaw,Member,Female,Sports and travel,10,388.29,1/1/2019,Credit card
438-01-4015,Mandalay,Member,Female,Sports and travel,4,207.858,3/21/2019,Ewallet
709-58-4068,Mandalay,Normal,Female,Fashion accessories,10,431.445,2/28/2019,Cash
795-49-7276,Yangon,Normal,Male,Fashion accessories,4,156.03,3/23/2019,Ewallet
556-72-8512,Naypyitaw,Normal,Male,Home and lifestyle,1,24.108,1/30/2019,Cash
627-95-3243,Mandalay,Member,Female,Home and lifestyle,9,734.076,2/4/2019,Ewallet
686-41-0932,Mandalay,Normal,Female,Fashion accessories,2,72.87,3/13/2019,Ewallet
510-09-5628,Yangon,Member,Female,Fashion accessories,10,206.43,3/15/2019,Credit card
608-04-3797,Mandalay,Member,Female,Health and beauty,8,212.688,3/5/2019,Ewallet
148-82-2527,Naypyitaw,Member,Female,Home and lifestyle,10,127.26,3/5/2019,Credit card
437-53-3084,Mandalay,Normal,Male,Fashion accessories,2,209.769,2/26/2019,Ewallet
632-32-4574,Mandalay,Normal,Male,Sports and travel,8,637.728,3/20/2019,Cash
556-97-7101,Naypyitaw,Normal,Female,Electronic accessories,2,132.762,1/1/2019,Cash
862-59-8517,Naypyitaw,Normal,Female,Food and beverages,6,568.512,1/27/2019,Cash
401-18-8016,Mandalay,Member,Female,Sports and travel,1,103.0365,1/21/2019,Cash
420-18-8989,Yangon,Member,Female,Sports and travel,8,432.768,2/2/2019,Cash
277-63-2961,Mandalay,Member,Male,Sports and travel,1,77.6685,2/3/2019,Credit card
573-98-8548,Naypyitaw,Member,Female,Fashion accessories,1,33.495,1/5/2019,Ewallet
620-02-2046,Naypyitaw,Normal,Male,Home and lifestyle,2,145.74,1/27/2019,Ewallet
282-35-2475,Mandalay,Normal,Female,Sports and travel,2,195.951,3/25/2019,Cash
511-54-3087,Mandalay,Normal,Male,Sports and travel,1,92.8725,2/25/2019,Credit card
726-29-6793,Yangon,Member,Male,Electronic accessories,8,203.112,1/28/2019,Ewallet
387-49-4215,Mandalay,Member,Female,Sports and travel,3,152.775,1/8/2019,Cash
862-17-9201,Mandalay,Normal,Female,Food and beverages,6,529.515,1/29/2019,Credit card
291-21-5991,Mandalay,Member,Male,Health and beauty,5,321.7725,3/29/2019,Cash
602-80-9671,Naypyitaw,Member,Female,Home and lifestyle,6,100.485,2/9/2019,Credit card
347-72-6115,Mandalay,Member,Female,Sports and travel,7,666.939,1/16/2019,Credit card
209-61-0206,Yangon,Normal,Female,Home and lifestyle,5,225.2775,1/5/2019,Ewallet
595-27-4851,Yangon,Normal,Female,Fashion accessories,7,398.958,1/27/2019,Ewallet
189-52-0236,Yangon,Normal,Male,Electronic accessories,7,731.6925,3/14/2019,Cash
503-07-0930,Naypyitaw,Member,Male,Sports and travel,7,429.1665,2/23/2019,Credit card
413-20-6708,Naypyitaw,Member,Female,Fashion accessories,1,54.0435,3/18/2019,Ewallet
425-85-2085,Mandalay,Member,Male,Health and beauty,5,288.015,3/29/2019,Ewallet
521-18-7827,Naypyitaw,Member,Male,Home and lifestyle,5,206.7975,1/22/2019,Credit card
220-28-1851,Yangon,Normal,Male,Home and lifestyle,2,72.933,3/1/2019,Ewallet
600-38-9738,Naypyitaw,Member,Male,Sports and travel,5,377.58,1/17/2019,Credit card
734-91-1155,Mandalay,Normal,Female,Electronic accessories,3,143.9865,3/26/2019,Credit card
451-28-5717,Naypyitaw,Member,Female,Home and lifestyle,6,523.971,3/20/2019,Cash
609-81-8548,Yangon,Member,Female,Home and lifestyle,6,235.872,2/6/2019,Credit card
133-14-7229,Naypyitaw,Normal,Male,Health and beauty,2,132.027,1/1/2019,Cash
534-01-4457,Yangon,Normal,Male,Food and beverages,6,514.773,1/27/2019,Credit card
719-89-8991,Yangon,Member,Female,Sports and travel,5,479.9025,2/25/2019,Ewallet
286-62-6248,Mandalay,Normal,Male,Fashion accessories,4,164.682,1/16/2019,Credit card
339-38-9982,Mandalay,Member,Male,Fashion accessories,2,125.706,1/13/2019,Ewallet
827-44-5872,Mandalay,Member,Female,Food and beverages,10,570.78,2/7/2019,Credit card
827-77-7633,Yangon,Normal,Male,Sports and travel,9,926.9505,2/17/2019,Cash
287-83-1405,Yangon,Normal,Male,Health and beauty,6,160.209,2/12/2019,Ewallet
435-13-4908,Yangon,Member,Male,Fashion accessories,8,728.112,1/24/2019,Credit card
857-67-9057,Mandalay,Normal,Male,Electronic accessories,10,240.975,2/6/2019,Ewallet
236-27-1144,Naypyitaw,Normal,Female,Food and beverages,9,154.1295,3/26/2019,Ewallet
892-05-6689,Yangon,Normal,Female,Home and lifestyle,5,148.68,3/11/2019,Ewallet
583-41-4548,Naypyitaw,Normal,Male,Home and lifestyle,7,122.5245,2/7/2019,Ewallet
339-12-4827,Mandalay,Member,Female,Fashion accessories,1,77.658,1/5/2019,Credit card
643-38-7867,Yangon,Normal,Male,Home and lifestyle,1,102.837,3/7/2019,Ewallet
308-81-0538,Yangon,Normal,Female,Fashion accessories,4,306.81,2/25/2019,Credit card
358-88-9262,Naypyitaw,Member,Female,Food and beverages,6,551.124,2/1/2019,Ewallet
460-35-4390,Yangon,Normal,Male,Home and lifestyle,3,96.642,1/22/2019,Ewallet
343-87-0864,Naypyitaw,Member,Male,Health and beauty,1,79.674,1/3/2019,Credit card
173-50-1108,Mandalay,Member,Female,Sports and travel,4,84.756,2/13/2019,Credit card
243-47-2663,Naypyitaw,Member,Male,Electronic accessories,6,118.251,1/28/2019,Credit card
841-18-8232,Mandalay,Normal,Female,Food and beverages,1,74.76,1/5/2019,Credit card
701-23-5550,Mandalay,Member,Male,Home and lifestyle,4,163.002,3/19/2019,Ewallet
647-50-1224,Yangon,Normal,Female,Fashion accessories,10,308.91,1/12/2019,Ewallet
541-48-8554,Yangon,Normal,Male,Sports and travel,9,575.9775,1/7/2019,Credit card
539-21-7227,Mandalay,Normal,Female,Sports and travel,5,270.585,1/26/2019,Cash
213-32-1216,Yangon,Normal,Female,Electronic accessories,6,416.178,1/23/2019,Cash
747-58-7183,Mandalay,Normal,Male,Fashion accessories,3,180.4005,2/9/2019,Ewallet
582-52-8065,Mandalay,Normal,Female,Fashion accessories,9,513.2295,2/22/2019,Cash
210-57-1719,Mandalay,Normal,Female,Health and beauty,9,550.368,2/5/2019,Cash
399-69-4630,Naypyitaw,Normal,Male,Electronic accessories,6,139.923,3/7/2019,Credit card
134-75-2619,Yangon,Member,Male,Electronic accessories,7,142.002,3/25/2019,Cash
356-44-8813,Mandalay,Normal,Male,Home and lifestyle,3,118.062,1/20/2019,Credit card
198-66-9832,Mandalay,Member,Female,Fashion accessories,2,151.284,2/4/2019,Cash
283-26-5248,Naypyitaw,Member,Female,Food and beverages,10,1034.46,1/30/2019,Ewallet
712-39-0363,Yangon,Member,Male,Food and beverages,6,262.458,1/2/2019,Ewallet
218-59-9410,Yangon,Member,Female,Home and lifestyle,3,228.123,3/29/2019,Ewallet
174-75-0888,Mandalay,Normal,Male,Electronic accessories,9,203.931,3/14/2019,Cash
866-99-7614,Naypyitaw,Normal,Male,Food and beverages,10,936.6,2/11/2019,Credit card
134-54-4720,Mandalay,Normal,Female,Electronic accessories,8,356.328,1/30/2019,Ewallet
760-90-2357,Yangon,Member,Male,Electronic accessories,6,469.413,3/20/2019,Ewallet
514-37-2845,Mandalay,Normal,Male,Fashion accessories,2,208.425,3/20/2019,Cash
698-98-5964,Yangon,Normal,Female,Food and beverages,10,852.705,1/17/2019,Credit card
718-57-9773,Naypyitaw,Normal,Female,Sports and travel,10,517.965,2/3/2019,Credit card
651-88-7328,Yangon,Normal,Female,Fashion accessories,9,621.243,1/1/2019,Cash
241-11-2261,Mandalay,Normal,Female,Fashion accessories,7,586.971,1/10/2019,Credit card
408-26-9866,Naypyitaw,Normal,Female,Sports and travel,7,543.753,3/2/2019,Ewallet
834-83-1826,Mandalay,Member,Female,Home and lifestyle,5,430.71,2/25/2019,Credit card
343-61-3544,Mandalay,Member,Male,Sports and travel,10,280.035,1/29/2019,Cash
239-48-4278,Yangon,Member,Male,Food and beverages,7,74.4555,3/10/2019,Ewallet
355-34-6244,Mandalay,Normal,Male,Food and beverages,2,152.019,1/13/2019,Credit card
550-84-8664,Yangon,Normal,Male,Sports and travel,5,451.0275,3/22/2019,Credit card
339-96-8318,Mandalay,Member,Male,Fashion accessories,7,597.6285,3/1/2019,Ewallet
458-61-0011,Mandalay,Normal,Male,Food and beverages,4,253.26,2/20/2019,Cash
592-34-6155,Naypyitaw,Normal,Male,Food and beverages,4,133.434,1/14/2019,Ewallet
797-88-0493,Yangon,Normal,Female,Health and beauty,4,269.934,3/26/2019,Cash
207-73-1363,Mandalay,Normal,Male,Health and beauty,2,145.971,3/1/2019,Ewallet
390-31-6381,Naypyitaw,Normal,Male,Food and beverages,3,85.743,1/7/2019,Cash
443-82-0585,Yangon,Member,Female,Health and beauty,4,326.256,2/1/2019,Cash
339-18-7061,Naypyitaw,Member,Female,Fashion accessories,2,195.258,2/13/2019,Credit card
359-90-3665,Mandalay,Member,Female,Fashion accessories,4,75.936,1/14/2019,Credit card
375-72-3056,Mandalay,Normal,Male,Sports and travel,3,198.639,1/19/2019,Ewallet
127-47-6963,Yangon,Normal,Male,Health and beauty,4,217.182,3/9/2019,Credit card
278-86-2735,Yangon,Normal,Female,Food and beverages,3,164.871,3/27/2019,Cash
695-28-6250,Yangon,Normal,Female,Sports and travel,5,226.065,2/4/2019,Ewallet
379-17-6588,Naypyitaw,Normal,Male,Fashion accessories,10,625.905,3/14/2019,Cash
227-50-3718,Yangon,Normal,Male,Health and beauty,5,76.755,3/4/2019,Cash
302-15-2162,Naypyitaw,Member,Male,Health and beauty,6,293.139,3/3/2019,Credit card
788-07-8452,Naypyitaw,Member,Female,Home and lifestyle,7,178.164,1/27/2019,Ewallet
560-49-6611,Yangon,Member,Female,Sports and travel,1,47.859,2/7/2019,Cash
880-35-0356,Yangon,Member,Female,Sports and travel,3,236.88,2/5/2019,Ewallet
585-11-6748,Mandalay,Member,Male,Sports and travel,3,304.92,3/15/2019,Cash
470-31-3286,Mandalay,Normal,Male,Health and beauty,3,46.683,3/1/2019,Credit card
152-68-2907,Yangon,Normal,Male,Food and beverages,3,164.43,2/15/2019,Credit card
123-35-4896,Naypyitaw,Normal,Female,Sports and travel,9,440.937,2/17/2019,Ewallet
258-69-7810,Naypyitaw,Normal,Female,Fashion accessories,5,193.4625,1/26/2019,Cash
334-64-2006,Yangon,Member,Female,Home and lifestyle,2,147.672,3/24/2019,Ewallet
219-61-4139,Naypyitaw,Normal,Male,Electronic accessories,1,87.234,1/23/2019,Ewallet
881-41-7302,Naypyitaw,Normal,Female,Fashion accessories,1,68.2395,1/26/2019,Credit card
373-09-4567,Naypyitaw,Normal,Male,Food and beverages,10,814.38,3/14/2019,Ewallet
642-30-6693,Mandalay,Normal,Female,Sports and travel,6,343.413,3/17/2019,Ewallet
484-22-8230,Naypyitaw,Member,Female,Fashion accessories,7,381.3915,1/8/2019,Cash
830-58-2383,Mandalay,Normal,Male,Home and lifestyle,4,133.35,2/8/2019,Cash
559-98-9873,Yangon,Member,Female,Fashion accessories,7,394.3275,2/10/2019,Ewallet
544-32-5024,Naypyitaw,Member,Female,Food and beverages,4,209.118,3/28/2019,Credit card
318-12-0304,Yangon,Normal,Male,Fashion accessories,1,32.1405,1/23/2019,Ewallet
349-97-8902,Mandalay,Member,Male,Food and beverages,2,121.569,1/17/2019,Ewallet
421-95-9805,Yangon,Normal,Female,Electronic accessories,1,30.408,2/7/2019,Credit card
277-35-5865,Naypyitaw,Member,Female,Food and beverages,9,935.2665,3/9/2019,Cash
789-23-8625,Mandalay,Member,Male,Fashion accessories,3,293.643,1/24/2019,Cash
284-54-4231,Naypyitaw,Member,Male,Sports and travel,1,84.9765,1/19/2019,Credit card
443-59-0061,Yangon,Member,Male,Food and beverages,10,708.225,2/3/2019,Ewallet
509-29-3912,Yangon,Member,Female,Sports and travel,9,365.904,3/20/2019,Ewallet
327-40-9673,Mandalay,Member,Male,Sports and travel,6,457.38,1/13/2019,Cash
840-19-2096,Naypyitaw,Member,Male,Electronic accessories,5,461.5275,3/14/2019,Ewallet
828-46-6863,Yangon,Member,Male,Food and beverages,6,620.739,1/23/2019,Credit card
641-96-3695,Naypyitaw,Member,Female,Fashion accessories,6,273.798,2/7/2019,Ewallet
420-97-3340,Yangon,Normal,Female,Food and beverages,3,225.792,3/28/2019,Credit card
436-54-4512,Yangon,Member,Female,Food and beverages,1,96.1905,3/20/2019,Cash
670-79-6321,Mandalay,Member,Female,Home and lifestyle,7,695.2365,1/17/2019,Credit card
852-62-7105,Mandalay,Normal,Female,Fashion accessories,10,874.125,1/12/2019,Credit card
598-06-7312,Mandalay,Member,Male,Fashion accessories,1,95.9175,2/16/2019,Cash
135-13-8269,Mandalay,Member,Female,Food and beverages,2,165.648,1/26/2019,Cash
816-57-2053,Yangon,Normal,Male,Sports and travel,2,127.827,3/9/2019,Ewallet
628-90-8624,Mandalay,Member,Male,Health and beauty,10,867.09,3/14/2019,Cash
856-66-2701,Yangon,Member,Male,Home and lifestyle,3,167.895,1/25/2019,Ewallet
308-39-1707,Yangon,Normal,Female,Fashion accessories,1,12.6945,1/26/2019,Credit card
149-61-1929,Yangon,Normal,Male,Sports and travel,10,673.995,1/19/2019,Credit card
655-07-2265,Yangon,Normal,Male,Electronic accessories,3,246.6765,3/5/2019,Ewallet
589-02-8023,Yangon,Member,Male,Food and beverages,2,175.917,1/15/2019,Credit card
420-04-7590,Mandalay,Normal,Male,Home and lifestyle,3,314.055,3/18/2019,Ewallet
182-88-2763,Mandalay,Member,Male,Food and beverages,3,251.7165,3/20/2019,Credit card
188-55-0967,Mandalay,Member,Male,Health and beauty,10,697.935,1/15/2019,Credit card
610-46-4100,Yangon,Normal,Male,Health and beauty,7,212.7825,3/3/2019,Credit card
318-81-2368,Naypyitaw,Normal,Female,Electronic accessories,1,48.51,3/19/2019,Cash
364-33-8584,Mandalay,Member,Female,Food and beverages,5,92.5575,3/8/2019,Cash
665-63-9737,Mandalay,Normal,Male,Fashion accessories,3,165.123,2/27/2019,Ewallet
695-09-5146,Mandalay,Member,Female,Food and beverages,3,311.1885,2/23/2019,Ewallet
155-45-3814,Naypyitaw,Member,Female,Electronic accessories,8,743.82,3/19/2019,Ewallet
794-32-2436,Mandalay,Member,Male,Electronic accessories,2,116.907,3/27/2019,Ewallet
131-15-8856,Naypyitaw,Member,Female,Food and beverages,8,609.168,3/30/2019,Credit card
273-84-2164,Naypyitaw,Member,Male,Electronic accessories,5,63.2625,2/16/2019,Ewallet
706-36-6154,Yangon,Member,Male,Home and lifestyle,9,182.952,1/18/2019,Ewallet
778-89-7974,Naypyitaw,Normal,Male,Health and beauty,6,442.323,3/30/2019,Cash
574-31-8277,Mandalay,Member,Male,Fashion accessories,1,35.3115,3/20/2019,Cash
859-71-0933,Naypyitaw,Member,Female,Sports and travel,2,32.529,1/16/2019,Cash
740-11-5257,Naypyitaw,Normal,Male,Electronic accessories,10,259.77,2/24/2019,Cash
369-82-2676,Mandalay,Normal,Male,Electronic accessories,5,397.215,1/15/2019,Ewallet
563-47-4072,Mandalay,Normal,Female,Health and beauty,6,351.603,1/22/2019,Cash
742-04-5161,Yangon,Member,Male,Home and lifestyle,10,764.19,2/3/2019,Cash
149-15-7606,Mandalay,Member,Male,Sports and travel,9,352.674,3/6/2019,Ewallet
133-77-3154,Mandalay,Member,Male,Fashion accessories,4,252.756,2/16/2019,Credit card
169-52-4504,Yangon,Normal,Female,Electronic accessories,3,49.4235,3/14/2019,Credit card
250-81-7186,Naypyitaw,Normal,Female,Electronic accessories,1,104.6745,2/27/2019,Credit card
562-12-5430,Yangon,Member,Female,Fashion accessories,3,277.6725,1/18/2019,Ewallet
816-72-8853,Yangon,Member,Female,Sports and travel,5,146.6325,1/29/2019,Cash
491-38-3499,Yangon,Member,Male,Fashion accessories,1,58.2225,2/26/2019,Credit card
322-02-2271,Mandalay,Normal,Female,Sports and travel,3,135.3555,2/3/2019,Cash
842-29-4695,Naypyitaw,Member,Male,Sports and travel,7,125.979,1/16/2019,Credit card
725-67-2480,Mandalay,Member,Female,Fashion accessories,6,370.125,3/24/2019,Credit card
641-51-2661,Naypyitaw,Member,Female,Food and beverages,10,914.55,2/12/2019,Credit card
714-02-3114,Naypyitaw,Normal,Female,Sports and travel,2,207.48,2/21/2019,Cash
518-17-2983,Yangon,Normal,Female,Fashion accessories,4,204.246,2/4/2019,Ewallet
779-42-2410,Mandalay,Member,Male,Food and beverages,3,181.881,2/20/2019,Ewallet
190-14-3147,Mandalay,Normal,Female,Health and beauty,4,75.474,2/23/2019,Ewallet
408-66-6712,Naypyitaw,Member,Female,Health and beauty,6,300.573,2/16/2019,Ewallet
679-22-6530,Mandalay,Normal,Female,Sports and travel,2,85.302,1/17/2019,Credit card
588-47-8641,Yangon,Member,Male,Fashion accessories,10,588.42,1/14/2019,Ewallet
642-61-4706,Mandalay,Member,Male,Food and beverages,2,196.14,3/30/2019,Cash
576-31-4774,Mandalay,Normal,Female,Health and beauty,3,231.2415,3/2/2019,Ewallet
556-41-6224,Naypyitaw,Normal,Male,Health and beauty,8,282.576,2/15/2019,Credit card
811-03-8790,Yangon,Normal,Female,Electronic accessories,10,477.54,3/1/2019,Credit card
242-11-3142,Mandalay,Member,Male,Fashion accessories,2,175.917,2/24/2019,Cash
752-23-3760,Mandalay,Member,Female,Sports and travel,7,470.988,2/19/2019,Credit card
274-05-5470,Yangon,Member,Female,Food and beverages,4,308.574,2/23/2019,Cash
648-94-3045,Naypyitaw,Normal,Male,Health and beauty,10,618.975,2/7/2019,Ewallet
130-67-4723,Yangon,Member,Male,Food and beverages,6,305.55,1/11/2019,Ewallet
528-87-5606,Mandalay,Member,Female,Electronic accessories,1,41.454,2/12/2019,Cash
320-85-2052,Mandalay,Normal,Female,Sports and travel,1,36.5505,1/14/2019,Credit card
370-96-0655,Naypyitaw,Normal,Female,Fashion accessories,6,310.716,1/9/2019,Ewallet
105-10-6182,Yangon,Member,Male,Fashion accessories,2,45.108,2/27/2019,Ewallet
510-79-0415,Mandalay,Member,Female,Sports and travel,6,145.404,1/24/2019,Ewallet
241-96-5076,Mandalay,Member,Female,Home and lifestyle,2,103.11,1/8/2019,Credit card
767-97-4650,Mandalay,Member,Female,Sports and travel,2,136.143,1/8/2019,Credit card
648-83-1321,Yangon,Member,Male,Home and lifestyle,10,667.38,1/16/2019,Cash
173-57-2300,Naypyitaw,Member,Male,Sports and travel,2,153.048,3/13/2019,Cash
305-03-2383,Yangon,Normal,Female,Food and beverages,3,211.365,2/15/2019,Cash
394-55-6384,Naypyitaw,Member,Female,Sports and travel,9,663.2955,1/25/2019,Cash
266-20-6657,Naypyitaw,Member,Male,Food and beverages,7,404.544,3/12/2019,Ewallet
689-05-1884,Yangon,Member,Male,Health and beauty,10,510.615,3/4/2019,Cash
196-01-2849,Naypyitaw,Member,Female,Fashion accessories,7,539.343,2/10/2019,Cash
372-62-5264,Naypyitaw,Normal,Female,Food and beverages,9,497.07,1/16/2019,Cash
800-09-8606,Yangon,Member,Female,Home and lifestyle,5,458.6925,1/29/2019,Cash
182-52-7000,Yangon,Member,Female,Sports and travel,4,113.568,1/1/2019,Ewallet
826-58-8051,Mandalay,Normal,Male,Home and lifestyle,4,261.198,1/6/2019,Ewallet
868-06-0466,Yangon,Member,Male,Electronic accessories,9,657.531,2/19/2019,Credit card
751-41-9720,Naypyitaw,Normal,Male,Home and lifestyle,10,1023.75,1/12/2019,Ewallet
626-43-7888,Naypyitaw,Normal,Female,Fashion accessories,8,507.444,2/7/2019,Ewallet
176-64-7711,Mandalay,Normal,Male,Food and beverages,3,101.808,3/27/2019,Credit card
191-29-0321,Mandalay,Member,Female,Fashion accessories,10,207.585,2/27/2019,Credit card
729-06-2010,Mandalay,Member,Male,Health and beauty,9,760.4415,1/6/2019,Cash
640-48-5028,Mandalay,Member,Female,Home and lifestyle,9,835.2855,3/2/2019,Cash
186-79-9562,Mandalay,Normal,Male,Health and beauty,7,527.5095,3/29/2019,Cash
834-45-5519,Mandalay,Normal,Female,Electronic accessories,4,180.6,1/31/2019,Ewallet
162-65-8559,Naypyitaw,Member,Male,Food and beverages,1,72.429,1/21/2019,Cash
760-27-5490,Naypyitaw,Normal,Male,Fashion accessories,8,131.208,1/20/2019,Ewallet
445-30-9252,Yangon,Normal,Male,Sports and travel,3,80.955,1/17/2019,Ewallet
786-94-2700,Yangon,Member,Male,Food and beverages,6,507.906,2/28/2019,Cash
728-88-7867,Naypyitaw,Member,Female,Home and lifestyle,4,317.226,3/19/2019,Ewallet
183-21-3799,Naypyitaw,Normal,Female,Electronic accessories,9,733.6035,2/19/2019,Ewallet
268-20-3585,Naypyitaw,Normal,Female,Health and beauty,9,130.8825,2/4/2019,Ewallet
735-32-9839,Naypyitaw,Member,Male,Fashion accessories,8,829.08,1/31/2019,Ewallet
258-92-7466,Yangon,Normal,Female,Health and beauty,5,187.32,2/6/2019,Credit card
857-16-3520,Yangon,Member,Female,Fashion accessories,7,525.231,3/28/2019,Ewallet
482-17-1179,Yangon,Member,Male,Electronic accessories,3,37.611,1/19/2019,Credit card
788-21-5741,Yangon,Normal,Male,Fashion accessories,3,142.947,2/17/2019,Credit card
821-14-9046,Mandalay,Member,Female,Fashion accessories,6,110.124,1/18/2019,Credit card
418-05-0656,Mandalay,Normal,Female,Fashion accessories,7,187.866,2/2/2019,Cash
678-79-0726,Naypyitaw,Member,Female,Sports and travel,9,856.4535,1/18/2019,Cash
776-68-1096,Mandalay,Normal,Male,Home and lifestyle,3,138.978,3/18/2019,Credit card
592-46-1692,Naypyitaw,Member,Female,Food and beverages,7,270.2595,1/11/2019,Cash
434-35-9162,Mandalay,Member,Male,Food and beverages,4,98.028,2/4/2019,Ewallet
149-14-0304,Naypyitaw,Member,Female,Health and beauty,8,239.4,2/6/2019,Cash
442-44-6497,Naypyitaw,Member,Male,Home and lifestyle,3,175.0455,1/8/2019,Credit card
174-64-0215,Mandalay,Normal,Male,Sports and travel,10,732.27,3/5/2019,Credit card
210-74-9613,Naypyitaw,Normal,Male,Fashion accessories,4,408.492,3/16/2019,Ewallet
299-29-0180,Mandalay,Member,Female,Home and lifestyle,7,383.523,3/9/2019,Cash
247-11-2470,Yangon,Member,Female,Fashion accessories,4,93.744,3/1/2019,Credit card
635-28-5728,Yangon,Normal,Male,Health and beauty,3,176.4,2/28/2019,Ewallet
756-49-0168,Yangon,Member,Male,Fashion accessories,1,20.685,2/8/2019,Ewallet
438-23-1242,Mandalay,Normal,Male,Electronic accessories,7,557.718,1/24/2019,Ewallet
238-45-6950,Mandalay,Member,Male,Food and beverages,1,56.406,3/1/2019,Ewallet
607-65-2441,Naypyitaw,Member,Male,Health and beauty,10,860.475,3/10/2019,Credit card
386-27-7606,Naypyitaw,Member,Female,Home and lifestyle,7,596.82,3/23/2019,Credit card
137-63-5492,Naypyitaw,Normal,Male,Electronic accessories,10,616.98,1/29/2019,Ewallet
197-77-7132,Mandalay,Member,Male,Electronic accessories,8,769.104,1/12/2019,Ewallet
805-86-0265,Yangon,Normal,Male,Home and lifestyle,9,887.922,3/20/2019,Cash
733-29-1227,Naypyitaw,Normal,Male,Home and lifestyle,7,408.7335,3/23/2019,Cash
451-73-2711,Naypyitaw,Normal,Male,Food and beverages,1,89.0715,1/14/2019,Ewallet
373-14-0504,Yangon,Member,Female,Sports and travel,2,150.423,2/12/2019,Ewallet
546-80-2899,Yangon,Member,Male,Home and lifestyle,2,79.149,2/20/2019,Ewallet
345-68-9016,Naypyitaw,Member,Female,Sports and travel,8,266.028,1/2/2019,Credit card
390-17-5806,Naypyitaw,Member,Female,Food and beverages,1,40.341,2/2/2019,Cash
457-13-1708,Mandalay,Member,Male,Fashion accessories,10,684.915,1/8/2019,Credit card
664-14-2882,Naypyitaw,Member,Female,Home and lifestyle,5,55.2825,1/30/2019,Credit card
487-79-6868,Mandalay,Member,Female,Home and lifestyle,9,116.1405,3/26/2019,Credit card
314-23-4520,Naypyitaw,Member,Male,Health and beauty,7,597.0405,1/15/2019,Cash
210-30-7976,Mandalay,Member,Female,Fashion accessories,4,93.744,3/14/2019,Ewallet
585-86-8361,Yangon,Normal,Female,Food and beverages,5,143.22,2/3/2019,Credit card
807-14-7833,Yangon,Member,Female,Electronic accessories,10,182.91,2/22/2019,Ewallet
775-72-1988,Mandalay,Normal,Male,Home and lifestyle,5,384.72,1/24/2019,Ewallet
288-38-3758,Naypyitaw,Member,Female,Fashion accessories,3,267.3405,1/25/2019,Ewallet
652-43-6591,Yangon,Normal,Female,Fashion accessories,8,817.236,3/9/2019,Credit card
785-96-0615,Mandalay,Member,Female,Electronic accessories,8,300.216,2/17/2019,Ewallet
406-46-7107,Yangon,Normal,Female,Home and lifestyle,6,608.076,1/11/2019,Cash
250-17-5703,Yangon,Member,Male,Food and beverages,10,197.925,2/27/2019,Ewallet
156-95-3964,Yangon,Normal,Female,Food and beverages,4,232.638,3/25/2019,Ewallet
842-40-8179,Mandalay,Member,Female,Food and beverages,10,810.6,2/11/2019,Credit card
525-09-8450,Mandalay,Normal,Male,Electronic accessories,10,757.365,1/31/2019,Credit card
410-67-1709,Yangon,Member,Female,Fashion accessories,8,536.592,1/20/2019,Ewallet
587-73-4862,Yangon,Member,Female,Health and beauty,5,56.1225,3/26/2019,Ewallet
787-87-2010,Yangon,Member,Male,Health and beauty,4,233.1,1/20/2019,Credit card
593-14-4239,Mandalay,Normal,Female,Home and lifestyle,8,801.864,3/5/2019,Ewallet
801-88-0346,Naypyitaw,Normal,Female,Fashion accessories,3,239.589,1/5/2019,Credit card
388-76-2555,Mandalay,Normal,Male,Sports and travel,6,86.247,2/13/2019,Cash
711-31-1234,Mandalay,Normal,Female,Electronic accessories,4,401.688,3/16/2019,Cash
886-54-6089,Yangon,Normal,Female,Home and lifestyle,6,72.009,1/15/2019,Cash
707-32-7409,Mandalay,Member,Female,Sports and travel,4,401.268,2/26/2019,Ewallet
759-98-4285,Naypyitaw,Member,Female,Health and beauty,7,631.1445,2/27/2019,Credit card
201-63-8275,Naypyitaw,Member,Female,Sports and travel,7,499.7265,2/17/2019,Ewallet
471-06-8611,Naypyitaw,Normal,Female,Food and beverages,1,55.041,2/6/2019,Credit card
200-16-5952,Naypyitaw,Member,Male,Food and beverages,2,137.865,1/17/2019,Cash
120-54-2248,Mandalay,Normal,Female,Food and beverages,5,151.515,1/22/2019,Credit card
102-77-2261,Naypyitaw,Member,Male,Health and beauty,7,480.0285,3/5/2019,Credit card
875-31-8302,Mandalay,Normal,Male,Sports and travel,1,98.049,1/3/2019,Cash
102-06-2002,Naypyitaw,Member,Male,Sports and travel,5,132.5625,3/20/2019,Cash
457-94-0464,Mandalay,Member,Male,Electronic accessories,9,830.3715,1/31/2019,Ewallet
629-42-4133,Naypyitaw,Normal,Male,Health and beauty,8,183.12,2/19/2019,Cash
534-53-3526,Yangon,Normal,Female,Sports and travel,4,397.992,2/11/2019,Ewallet
307-04-2070,Yangon,Member,Female,Fashion accessories,1,32.151,2/5/2019,Credit card
468-99-7231,Naypyitaw,Normal,Female,Home and lifestyle,8,369.684,3/3/2019,Cash
516-77-6464,Naypyitaw,Member,Female,Health and beauty,5,53.34,2/24/2019,Ewallet
404-91-5964,Yangon,Normal,Male,Electronic accessories,7,548.163,2/4/2019,Credit card
886-77-9084,Naypyitaw,Normal,Male,Electronic accessories,8,603.876,2/19/2019,Ewallet
790-38-4466,Naypyitaw,Normal,Female,Health and beauty,5,57.6975,1/23/2019,Credit card
704-10-4056,Naypyitaw,Member,Male,Health and beauty,3,190.4805,1/14/2019,Credit card
497-37-6538,Yangon,Normal,Male,Sports and travel,7,432.9885,1/17/2019,Ewallet
651-96-5970,Yangon,Normal,Male,Fashion accessories,1,48.7305,3/3/2019,Credit card
400-80-4065,Naypyitaw,Member,Male,Health and beauty,4,287.91,2/15/2019,Credit card
744-16-7898,Mandalay,Normal,Female,Home and lifestyle,10,1022.385,1/15/2019,Credit card
263-12-5321,Yangon,Member,Male,Electronic accessories,7,680.61,2/27/2019,Credit card
702-72-0487,Yangon,Normal,Female,Electronic accessories,2,97.881,2/26/2019,Credit card
605-83-1050,Mandalay,Normal,Male,Fashion accessories,2,57.078,3/15/2019,Ewallet
443-60-9639,Naypyitaw,Member,Female,Home and lifestyle,1,63.9135,1/24/2019,Cash
864-24-7918,Yangon,Member,Female,Sports and travel,10,257.145,2/22/2019,Cash
359-94-5395,Mandalay,Normal,Male,Health and beauty,1,97.419,3/15/2019,Credit card
401-09-4232,Naypyitaw,Member,Male,Home and lifestyle,5,455.1225,2/11/2019,Ewallet
751-15-6198,Mandalay,Normal,Male,Sports and travel,6,144.963,1/12/2019,Ewallet
324-41-6833,Naypyitaw,Member,Female,Electronic accessories,8,253.68,3/3/2019,Ewallet
474-33-8305,Naypyitaw,Member,Male,Fashion accessories,7,495.3165,3/23/2019,Ewallet
759-29-9521,Yangon,Member,Female,Fashion accessories,9,462.672,3/4/2019,Cash
831-81-6575,Mandalay,Member,Female,Electronic accessories,9,714.3255,2/23/2019,Cash
220-68-6701,Yangon,Normal,Female,Home and lifestyle,4,325.374,3/17/2019,Cash
618-34-8551,Yangon,Normal,Female,Sports and travel,2,195.678,1/16/2019,Credit card
257-60-7754,Yangon,Normal,Female,Electronic accessories,4,210.966,1/8/2019,Cash
559-61-5987,Mandalay,Normal,Female,Health and beauty,1,18.6375,1/14/2019,Cash
189-55-2313,Naypyitaw,Normal,Female,Fashion accessories,10,652.89,1/31/2019,Ewallet
565-91-4567,Mandalay,Normal,Male,Health and beauty,8,90.3,3/15/2019,Ewallet
380-60-5336,Yangon,Normal,Female,Electronic accessories,10,422.73,2/24/2019,Credit card
815-04-6282,Naypyitaw,Member,Female,Sports and travel,5,341.0925,2/8/2019,Credit card
674-56-6360,Yangon,Normal,Male,Electronic accessories,1,99.9075,3/22/2019,Cash
778-34-2523,Yangon,Member,Female,Electronic accessories,8,408.408,1/24/2019,Cash
499-27-7781,Mandalay,Normal,Female,Food and beverages,8,446.964,3/14/2019,Ewallet
477-59-2456,Naypyitaw,Normal,Female,Fashion accessories,7,333.984,1/23/2019,Cash
832-51-6761,Yangon,Normal,Male,Food and beverages,8,284.592,1/19/2019,Ewallet
869-11-3082,Mandalay,Member,Male,Health and beauty,4,403.872,1/27/2019,Credit card
190-59-3964,Mandalay,Member,Male,Food and beverages,5,247.59,2/3/2019,Credit card
366-43-6862,Mandalay,Normal,Male,Electronic accessories,4,222.138,3/25/2019,Ewallet
186-43-8965,Yangon,Member,Female,Home and lifestyle,2,100.128,2/24/2019,Credit card
784-21-9238,Naypyitaw,Member,Male,Sports and travel,1,10.6785,2/7/2019,Cash
276-75-6884,Yangon,Normal,Female,Health and beauty,3,216.4365,3/4/2019,Cash
109-86-4363,Mandalay,Member,Female,Sports and travel,7,441.588,2/14/2019,Credit card
569-76-2760,Yangon,Member,Female,Sports and travel,4,92.442,1/29/2019,Credit card
222-42-0244,Mandalay,Member,Female,Health and beauty,9,681.4395,1/28/2019,Credit card
760-53-9233,Yangon,Member,Male,Fashion accessories,3,130.032,3/26/2019,Credit card
538-22-0304,Naypyitaw,Normal,Male,Electronic accessories,10,681.975,3/24/2019,Cash
416-17-9926,Yangon,Member,Female,Electronic accessories,10,779.31,1/1/2019,Credit card
237-44-6163,Yangon,Normal,Male,Electronic accessories,8,88.704,1/24/2019,Cash
636-17-0325,Mandalay,Normal,Male,Health and beauty,4,262.794,2/25/2019,Cash
343-75-9322,Mandalay,Member,Female,Sports and travel,8,99.54,1/9/2019,Cash
528-14-9470,Yangon,Member,Male,Health and beauty,1,95.865,2/14/2019,Ewallet
427-45-9297,Mandalay,Member,Female,Home and lifestyle,7,299.3655,3/12/2019,Ewallet
807-34-3742,Yangon,Normal,Male,Fashion accessories,1,54.999,3/26/2019,Cash
288-62-1085,Yangon,Member,Male,Fashion accessories,5,202.335,1/9/2019,Ewallet
670-71-7306,Mandalay,Normal,Male,Sports and travel,6,281.169,1/2/2019,Credit card
660-29-7083,Naypyitaw,Normal,Male,Electronic accessories,10,586.635,1/15/2019,Cash
271-77-8740,Naypyitaw,Member,Female,Sports and travel,6,184.086,1/1/2019,Ewallet
497-36-0989,Yangon,Normal,Male,Fashion accessories,3,163.611,2/15/2019,Cash
291-59-1384,Mandalay,Normal,Male,Electronic accessories,1,63.315,2/28/2019,Cash
860-73-6466,Yangon,Member,Female,Sports and travel,2,82.887,3/2/2019,Credit card
549-23-9016,Naypyitaw,Member,Female,Food and beverages,2,31.227,2/13/2019,Credit card
896-34-0956,Yangon,Normal,Male,Fashion accessories,1,22.386,1/26/2019,Cash
804-38-3935,Yangon,Member,Male,Electronic accessories,3,295.407,1/30/2019,Credit card
585-90-0249,Yangon,Member,Male,Electronic accessories,1,76.923,1/27/2019,Ewallet
862-29-5914,Naypyitaw,Normal,Female,Sports and travel,1,23.499,1/30/2019,Credit card
845-94-6841,Naypyitaw,Member,Female,Food and beverages,9,688.716,1/8/2019,Cash
125-45-2293,Yangon,Normal,Female,Fashion accessories,6,624.33,1/19/2019,Cash
843-73-4724,Yangon,Normal,Male,Fashion accessories,1,77.805,1/25/2019,Cash
409-33-9708,Yangon,Normal,Female,Fashion accessories,2,206.808,2/19/2019,Ewallet
658-66-3967,Naypyitaw,Normal,Male,Health and beauty,7,390.9465,1/14/2019,Ewallet
866-70-2814,Mandalay,Normal,Female,Electronic accessories,10,554.295,2/25/2019,Ewallet
160-22-2687,Yangon,Member,Female,Health and beauty,5,503.7375,1/23/2019,Ewallet
895-03-6665,Mandalay,Normal,Female,Fashion accessories,9,345.0195,2/16/2019,Cash
770-42-8960,Mandalay,Normal,Male,Food and beverages,8,177.408,1/1/2019,Cash
748-45-2862,Yangon,Member,Female,Home and lifestyle,4,118.902,3/7/2019,Cash
234-36-2483,Mandalay,Normal,Male,Health and beauty,6,362.817,2/15/2019,Cash
316-66-3011,Yangon,Member,Female,Food and beverages,9,450.1035,1/23/2019,Cash
848-95-6252,Naypyitaw,Member,Female,Home and lifestyle,1,90.5835,2/20/2019,Ewallet
840-76-5966,Yangon,Member,Male,Sports and travel,2,26.796,1/8/2019,Ewallet
152-03-4217,Mandalay,Normal,Female,Home and lifestyle,9,106.596,3/17/2019,Credit card
533-66-5566,Mandalay,Normal,Female,Home and lifestyle,7,375.3645,1/12/2019,Cash
124-31-1458,Yangon,Member,Female,Electronic accessories,3,250.7085,1/8/2019,Cash
176-78-1170,Naypyitaw,Member,Male,Health and beauty,3,106.5015,1/26/2019,Ewallet
361-59-0574,Mandalay,Member,Male,Sports and travel,8,760.452,3/15/2019,Credit card
101-81-4070,Naypyitaw,Member,Female,Health and beauty,2,131.922,1/17/2019,Ewallet
631-34-1880,Naypyitaw,Member,Male,Food and beverages,3,76.5765,1/8/2019,Credit card
852-82-2749,Yangon,Normal,Male,Sports and travel,4,271.278,1/6/2019,Ewallet
873-14-6353,Yangon,Member,Male,Food and beverages,7,182.427,2/16/2019,Credit card
584-66-4073,Naypyitaw,Normal,Male,Fashion accessories,1,59.325,3/13/2019,Ewallet
544-55-9589,Mandalay,Member,Female,Electronic accessories,10,225.015,1/28/2019,Cash
166-19-2553,Yangon,Member,Male,Sports and travel,6,561.078,1/18/2019,Cash
737-88-5876,Yangon,Member,Male,Home and lifestyle,4,97.818,3/19/2019,Credit card
154-87-7367,Naypyitaw,Normal,Male,Home and lifestyle,8,548.184,3/15/2019,Ewallet
885-56-0389,Naypyitaw,Member,Male,Fashion accessories,1,54.9675,2/12/2019,Cash
608-05-3804,Mandalay,Member,Male,Electronic accessories,1,41.7375,2/25/2019,Cash
448-61-3783,Yangon,Normal,Female,Electronic accessories,8,756.168,3/21/2019,Credit card
761-49-0439,Mandalay,Member,Female,Electronic accessories,8,101.64,1/19/2019,Ewallet
490-95-0021,Mandalay,Member,Female,Food and beverages,10,348.705,1/8/2019,Ewallet
115-38-7388,Naypyitaw,Member,Female,Fashion accessories,8,85.512,3/30/2019,Credit card
311-13-6971,Mandalay,Member,Male,Sports and travel,10,335.895,2/20/2019,Credit card
291-55-6563,Yangon,Member,Female,Home and lifestyle,6,216.846,3/30/2019,Ewallet
548-48-3156,Yangon,Member,Female,Food and beverages,2,175.014,3/19/2019,Cash
460-93-5834,Yangon,Normal,Male,Sports and travel,7,335.013,1/13/2019,Cash
325-89-4209,Yangon,Member,Male,Food and beverages,1,92.295,2/5/2019,Ewallet
884-80-6021,Yangon,Member,Female,Electronic accessories,10,771.435,3/23/2019,Ewallet
137-74-8729,Naypyitaw,Normal,Female,Fashion accessories,8,102.396,3/13/2019,Ewallet
880-46-5796,Yangon,Member,Male,Sports and travel,10,807.66,3/17/2019,Ewallet
389-70-2397,Naypyitaw,Normal,Female,Health and beauty,5,439.215,2/21/2019,Cash
114-35-5271,Mandalay,Normal,Female,Electronic accessories,8,486.444,2/7/2019,Cash
607-76-6216,Naypyitaw,Member,Female,Fashion accessories,5,485.5725,3/2/2019,Credit card
715-20-1673,Mandalay,Normal,Male,Electronic accessories,5,148.995,3/6/2019,Cash
811-35-1094,Mandalay,Member,Male,Electronic accessories,6,317.835,2/6/2019,Credit card
699-88-1972,Mandalay,Normal,Male,Health and beauty,8,832.944,1/28/2019,Credit card
781-84-8059,Naypyitaw,Normal,Male,Fashion accessories,7,446.439,1/18/2019,Ewallet
409-49-6995,Naypyitaw,Member,Female,Food and beverages,6,297.801,2/5/2019,Cash
725-54-0677,Naypyitaw,Member,Male,Health and beauty,7,629.16,3/2/2019,Cash
146-09-5432,Yangon,Member,Male,Food and beverages,9,331.128,2/9/2019,Ewallet
377-79-7592,Naypyitaw,Member,Female,Electronic accessories,9,423.738,1/14/2019,Credit card
509-10-0516,Mandalay,Normal,Male,Home and lifestyle,4,193.074,2/9/2019,Ewallet
595-94-9924,Yangon,Member,Female,Health and beauty,5,145.5825,3/26/2019,Credit card
865-41-9075,Yangon,Normal,Male,Food and beverages,7,84.7455,1/28/2019,Cash
545-07-8534,Naypyitaw,Normal,Female,Health and beauty,2,122.472,2/14/2019,Ewallet
118-62-1812,Naypyitaw,Member,Female,Home and lifestyle,4,329.196,3/24/2019,Cash
450-42-3339,Naypyitaw,Normal,Male,Health and beauty,10,888.405,2/9/2019,Credit card
851-98-3555,Mandalay,Normal,Female,Health and beauty,5,435.12,3/24/2019,Credit card
186-71-5196,Yangon,Member,Female,Food and beverages,2,167.034,3/27/2019,Ewallet
624-01-8356,Mandalay,Normal,Female,Home and lifestyle,10,514.605,1/27/2019,Credit card
313-66-9943,Mandalay,Member,Female,Food and beverages,3,91.8225,3/27/2019,Credit card
151-27-8496,Naypyitaw,Normal,Female,Electronic accessories,4,235.746,1/19/2019,Ewallet
453-33-6436,Yangon,Normal,Female,Home and lifestyle,8,782.208,2/7/2019,Cash
522-57-8364,Yangon,Member,Male,Fashion accessories,8,431.256,1/31/2019,Ewallet
459-45-2396,Yangon,Member,Female,Food and beverages,3,313.74,2/25/2019,Cash
717-96-4189,Naypyitaw,Normal,Female,Electronic accessories,6,223.587,2/2/2019,Cash
722-13-2115,Naypyitaw,Member,Male,Sports and travel,1,44.9925,3/14/2019,Credit card
749-81-8133,Yangon,Normal,Female,Fashion accessories,4,397.614,3/11/2019,Cash
777-67-2495,Mandalay,Normal,Male,Home and lifestyle,3,217.2555,2/22/2019,Ewallet
636-98-3364,Mandalay,Member,Female,Electronic accessories,3,82.719,3/2/2019,Ewallet
246-55-6923,Naypyitaw,Member,Female,Home and lifestyle,9,338.2155,3/10/2019,Credit card
181-82-6255,Mandalay,Normal,Female,Home and lifestyle,6,103.131,2/8/2019,Cash
838-02-1821,Naypyitaw,Member,Female,Home and lifestyle,2,26.733,2/22/2019,Credit card
887-42-0517,Naypyitaw,Normal,Female,Sports and travel,7,611.079,1/10/2019,Credit card
457-12-0244,Naypyitaw,Member,Female,Sports and travel,6,221.886,3/14/2019,Ewallet
226-34-0034,Mandalay,Normal,Female,Electronic accessories,4,57.876,1/10/2019,Ewallet
321-49-7382,Mandalay,Member,Male,Sports and travel,1,92.7255,2/15/2019,Credit card
397-25-8725,Yangon,Member,Female,Health and beauty,9,374.409,1/13/2019,Credit card
431-66-2305,Mandalay,Normal,Female,Electronic accessories,9,833.9625,2/15/2019,Credit card
825-94-5922,Mandalay,Normal,Male,Sports and travel,2,53.151,3/2/2019,Ewallet
641-62-7288,Mandalay,Normal,Male,Home and lifestyle,6,629.496,3/24/2019,Ewallet
756-93-1854,Naypyitaw,Member,Female,Fashion accessories,2,175.035,2/2/2019,Credit card
243-55-8457,Yangon,Normal,Female,Food and beverages,10,781.62,2/27/2019,Ewallet
458-10-8612,Naypyitaw,Normal,Male,Health and beauty,7,470.988,1/20/2019,Ewallet
501-61-1753,Mandalay,Normal,Female,Home and lifestyle,6,397.845,1/3/2019,Ewallet
235-06-8510,Naypyitaw,Member,Male,Home and lifestyle,3,270.018,1/24/2019,Ewallet
433-08-7822,Naypyitaw,Normal,Female,Health and beauty,7,579.8415,1/5/2019,Ewallet
361-85-2571,Yangon,Normal,Female,Sports and travel,5,469.77,3/30/2019,Cash
131-70-8179,Yangon,Member,Female,Health and beauty,3,290.0835,2/17/2019,Cash
500-02-2261,Naypyitaw,Normal,Female,Food and beverages,6,360.927,3/21/2019,Ewallet
720-72-2436,Yangon,Normal,Male,Food and beverages,4,279.384,3/2/2019,Ewallet
702-83-5291,Naypyitaw,Member,Male,Fashion accessories,9,943.299,3/27/2019,Cash
809-69-9497,Yangon,Normal,Female,Home and lifestyle,10,479.64,1/19/2019,Ewallet
449-16-6770,Yangon,Normal,Male,Health and beauty,5,266.6475,2/19/2019,Credit card
333-23-2632,Yangon,Member,Male,Health and beauty,7,74.088,3/28/2019,Cash
489-82-1237,Yangon,Normal,Female,Electronic accessories,7,690.018,1/5/2019,Credit card
859-97-6048,Naypyitaw,Member,Male,Electronic accessories,2,176.925,3/26/2019,Credit card
676-10-2200,Mandalay,Member,Male,Fashion accessories,1,56.469,2/3/2019,Ewallet
373-88-1424,Naypyitaw,Member,Male,Home and lifestyle,5,188.0025,2/6/2019,Ewallet
365-16-4334,Mandalay,Normal,Female,Food and beverages,8,222.012,2/24/2019,Ewallet
503-21-4385,Mandalay,Member,Male,Health and beauty,3,125.7165,2/21/2019,Ewallet
305-89-2768,Mandalay,Member,Female,Home and lifestyle,3,68.985,1/9/2019,Ewallet
574-80-1489,Mandalay,Member,Female,Food and beverages,4,263.97,2/25/2019,Ewallet
784-08-0310,Naypyitaw,Member,Female,Food and beverages,4,88.368,1/13/2019,Cash
200-40-6154,Mandalay,Member,Male,Home and lifestyle,6,415.233,2/9/2019,Cash
846-10-0341,Yangon,Normal,Female,Fashion accessories,7,312.8895,1/6/2019,Cash
577-34-7579,Naypyitaw,Member,Male,Food and beverages,9,477.1305,1/10/2019,Cash
430-02-3888,Mandalay,Normal,Male,Electronic accessories,6,289.926,2/7/2019,Cash
867-47-1948,Naypyitaw,Normal,Female,Home and lifestyle,10,165.9,1/9/2019,Cash
384-59-6655,Yangon,Member,Female,Food and beverages,9,932.337,2/19/2019,Cash
256-58-3609,Naypyitaw,Member,Male,Fashion accessories,1,96.579,3/18/2019,Cash
324-92-3863,Yangon,Member,Male,Electronic accessories,2,43.869,2/5/2019,Cash
593-08-5916,Yangon,Normal,Female,Fashion accessories,1,16.275,3/19/2019,Credit card
364-34-2972,Naypyitaw,Member,Male,Electronic accessories,3,304.983,3/30/2019,Cash
794-42-3736,Mandalay,Normal,Male,Food and beverages,2,69.993,1/26/2019,Credit card
172-42-8274,Mandalay,Normal,Female,Electronic accessories,2,80.367,3/2/2019,Credit card
558-60-5016,Yangon,Normal,Female,Home and lifestyle,9,314.685,3/4/2019,Ewallet
195-06-0432,Yangon,Member,Male,Home and lifestyle,3,255.1815,1/13/2019,Credit card
605-03-2706,Yangon,Normal,Female,Health and beauty,3,49.77,3/25/2019,Cash
214-30-2776,Mandalay,Member,Female,Electronic accessories,5,181.0725,3/11/2019,Credit card
746-04-1077,Mandalay,Member,Female,Food and beverages,10,888.615,1/1/2019,Credit card
448-34-8700,Mandalay,Member,Male,Home and lifestyle,7,271.2885,2/10/2019,Ewallet
452-04-8808,Mandalay,Normal,Male,Electronic accessories,7,640.038,1/26/2019,Cash
531-56-4728,Yangon,Normal,Male,Home and lifestyle,3,252.252,2/11/2019,Cash
744-82-9138,Naypyitaw,Normal,Male,Fashion accessories,2,180.873,2/7/2019,Cash
883-69-1285,Mandalay,Member,Male,Fashion accessories,2,104.832,3/6/2019,Credit card
221-25-5073,Yangon,Normal,Female,Food and beverages,4,313.572,3/4/2019,Cash
518-71-6847,Mandalay,Member,Male,Food and beverages,6,167.58,2/26/2019,Ewallet
156-20-0370,Mandalay,Normal,Female,Electronic accessories,1,26.7225,3/10/2019,Credit card
151-33-7434,Mandalay,Normal,Female,Food and beverages,1,71.1585,2/4/2019,Credit card
728-47-9078,Naypyitaw,Member,Male,Food and beverages,4,250.278,1/19/2019,Cash
809-46-1866,Yangon,Normal,Male,Health and beauty,4,244.23,1/23/2019,Cash
139-32-4183,Yangon,Member,Female,Sports and travel,9,921.186,3/14/2019,Ewallet
148-41-7930,Naypyitaw,Normal,Male,Health and beauty,7,734.706,1/23/2019,Cash
189-40-5216,Naypyitaw,Normal,Male,Electronic accessories,7,708.3195,1/9/2019,Cash
374-38-5555,Mandalay,Normal,Female,Fashion accessories,5,334.4775,2/7/2019,Ewallet
764-44-8999,Mandalay,Normal,Female,Health and beauty,2,30.996,2/18/2019,Ewallet
552-44-5977,Mandalay,Member,Male,Health and beauty,8,520.8,1/3/2019,Credit card
267-62-7380,Naypyitaw,Member,Male,Electronic accessories,10,864.57,3/29/2019,Ewallet
430-53-4718,Mandalay,Member,Male,Health and beauty,8,633.108,1/28/2019,Credit card
886-18-2897,Yangon,Normal,Female,Food and beverages,5,296.94,3/22/2019,Credit card
602-16-6955,Mandalay,Normal,Female,Sports and travel,10,804.3,1/24/2019,Ewallet
745-74-0715,Yangon,Normal,Male,Electronic accessories,2,121.863,3/10/2019,Ewallet
690-01-6631,Mandalay,Normal,Male,Fashion accessories,10,183.645,2/22/2019,Ewallet
652-49-6720,Naypyitaw,Member,Female,Electronic accessories,1,63.9975,2/18/2019,Ewallet
233-67-5758,Naypyitaw,Normal,Male,Health and beauty,1,42.3675,1/29/2019,Ewallet
303-96-2227,Mandalay,Normal,Female,Home and lifestyle,10,1022.49,3/2/2019,Ewallet
727-02-1313,Yangon,Member,Male,Food and beverages,1,33.432,2/9/2019,Cash
347-56-2442,Yangon,Normal,Male,Home and lifestyle,1,69.111,2/22/2019,Cash
849-09-3807,Yangon,Member,Female,Fashion accessories,7,649.299,2/18/2019,Cash
